Countries,Indicators,2020,2021,2022,2023
Algeria,Current Health Expenditure (CHE) as % Gross Domestic Product (GDP),6,5,4,
Algeria,Current Health Expenditure (CHE) per Capita in US$,211,209,180,
Algeria,Current Health Expenditure (CHE),9.296,9.334,8.172,
Algeria,Population (in thousands),44.042,44.761,45.477,
Angola,Current Health Expenditure (CHE) as % Gross Domestic Product (GDP),3,3,3,
Angola,Current Health Expenditure (CHE) per Capita in US$,56,67,101,
Angola,Current Health Expenditure (CHE),1.871,2.315,3.608,
Angola,Population (in thousands),33.451,34.532,35.635,
Benin,Current Health Expenditure (CHE) as % Gross Domestic Product (GDP),3,3,3,
Benin,Current Health Expenditure (CHE) per Capita in US$,33,34,34,
Benin,Current Health Expenditure (CHE),425,457,466,
Benin,Population (in thousands),13.070,13.413,13.760,
Botswana,Current Health Expenditure (CHE) as % Gross Domestic Product (GDP),6,6,6,
Botswana,Current Health Expenditure (CHE) per Capita in US$,386,492,478,
Botswana,Current Health Expenditure (CHE),914,1.182,1.166,
Botswana,Population (in thousands),2.366,2.401,2.440,
Burkina Faso,Current Health Expenditure (CHE) as % Gross Domestic Product (GDP),7,6,7,
Burkina Faso,Current Health Expenditure (CHE) per Capita in US$,54,57,57,
Burkina Faso,Current Health Expenditure (CHE),1.166,1.259,1.278,
Burkina Faso,Expenditure on COVID-19 per Capita in US$,3,1,2,
Burkina Faso,Population (in thousands),21.479,21.995,22.509,
Burundi,Current Health Expenditure (CHE) as % Gross Domestic Product (GDP),11,9,8,
Burundi,Current Health Expenditure (CHE) per Capita in US$,26,23,25,
Burundi,Current Health Expenditure (CHE),331,301,329,
Burundi,Expenditure on COVID-19 per Capita in US$,2,,,
Burundi,Population (in thousands),12.617,12.965,13.321,
Cabo Verde,Current Health Expenditure (CHE) as % Gross Domestic Product (GDP),7,7,7,
Cabo Verde,Current Health Expenditure (CHE) per Capita in US$,235,283,286,
Cabo Verde,Current Health Expenditure (CHE),121,146,149,
Cabo Verde,Population (in thousands),515,517,520,
Cameroon,Current Health Expenditure (CHE) as % Gross Domestic Product (GDP),4,4,4,
Cameroon,Current Health Expenditure (CHE) per Capita in US$,66,73,72,
Cameroon,Current Health Expenditure (CHE),1.734,1.953,1.989,
Cameroon,Population (in thousands),26.211,26.916,27.633,
Central African Republic,Current Health Expenditure (CHE) as % Gross Domestic Product (GDP),9,9,10,
Central African Republic,Current Health Expenditure (CHE) per Capita in US$,43,46,48,
Central African Republic,Current Health Expenditure (CHE),214,236,244,
Central African Republic,Population (in thousands),5.027,5.112,5.098,
Chad,Current Health Expenditure (CHE) as % Gross Domestic Product (GDP),4,4,5,
Chad,Current Health Expenditure (CHE) per Capita in US$,38,38,40,
Chad,Current Health Expenditure (CHE),650,670,741,
Chad,Expenditure on COVID-19 per Capita in US$,2,0,2,
Chad,Population (in thousands),17.225,17.828,18.455,
Comoros,Current Health Expenditure (CHE) as % Gross Domestic Product (GDP),6,6,8,
Comoros,Current Health Expenditure (CHE) per Capita in US$,90,100,123,
Comoros,Current Health Expenditure (CHE),72,82,103,
Comoros,Population (in thousands),802,818,834,
Congo,Current Health Expenditure (CHE) as % Gross Domestic Product (GDP),4,3,2,
Congo,Current Health Expenditure (CHE) per Capita in US$,80,79,51,
Congo,Current Health Expenditure (CHE),461,467,305,
Congo,Expenditure on COVID-19 per Capita in US$,19,,,
Congo,Population (in thousands),5.753,5.892,6.035,
Côte d'Ivoire,Current Health Expenditure (CHE) as % Gross Domestic Product (GDP),4,4,4,
Côte d'Ivoire,Current Health Expenditure (CHE) per Capita in US$,79,92,86,
Côte d'Ivoire,Current Health Expenditure (CHE),2.284,2.739,2.619,
Côte d'Ivoire,Expenditure on COVID-19 per Capita in US$,8,19,,
Côte d'Ivoire,Population (in thousands),28.915,29.640,30.395,
Democratic Republic of the Congo,Current Health Expenditure (CHE) as % Gross Domestic Product (GDP),4,4,4,
Democratic Republic of the Congo,Current Health Expenditure (CHE) per Capita in US$,21,22,24,
Democratic Republic of the Congo,Current Health Expenditure (CHE),1.973,2.140,2.497,
Democratic Republic of the Congo,Expenditure on COVID-19 per Capita in US$,1,1,0,
Democratic Republic of the Congo,Population (in thousands),95.990,99.149,102.397,
Equatorial Guinea,Current Health Expenditure (CHE) as % Gross Domestic Product (GDP),4,3,3,
Equatorial Guinea,Current Health Expenditure (CHE) per Capita in US$,230,237,190,
Equatorial Guinea,Current Health Expenditure (CHE),395,417,343,
Equatorial Guinea,Population (in thousands),1.716,1.759,1.804,
Eritrea,Current Health Expenditure (CHE) as % Gross Domestic Product (GDP),4,4,4,
Eritrea,Current Health Expenditure (CHE) per Capita in US$,28,28,27,
Eritrea,Current Health Expenditure (CHE),91,92,92,
Eritrea,Population (in thousands),3.291,3.350,3.409,
Eswatini,Current Health Expenditure (CHE) as % Gross Domestic Product (GDP),7,7,7,
Eswatini,Current Health Expenditure (CHE) per Capita in US$,236,297,284,
Eswatini,Current Health Expenditure (CHE),282,358,346,
Eswatini,Population (in thousands),1.193,1.207,1.219,
Ethiopia,Current Health Expenditure (CHE) as % Gross Domestic Product (GDP),3,3,3,
Ethiopia,Current Health Expenditure (CHE) per Capita in US$,28,26,27,
Ethiopia,Current Health Expenditure (CHE),3.363,3.184,3.394,
Ethiopia,Rest of the World (RoW) as % of Current Health Expenditure (CHE),2,,,
Ethiopia,Expenditure on COVID-19 per Capita in US$,1,,,
Ethiopia,Population (in thousands),118.918,122.139,125.384,
Gabon,Current Health Expenditure (CHE) as % Gross Domestic Product (GDP),3,3,3,
Gabon,Current Health Expenditure (CHE) per Capita in US$,225,229,247,
Gabon,Current Health Expenditure (CHE),523,544,601,
Gabon,Population (in thousands),2.323,2.377,2.431,
Gambia,Current Health Expenditure (CHE) as % Gross Domestic Product (GDP),4,3,3,
Gambia,Current Health Expenditure (CHE) per Capita in US$,27,25,29,
Gambia,Current Health Expenditure (CHE),68,65,76,
Gambia,Population (in thousands),2.516,2.576,2.636,
Ghana,Current Health Expenditure (CHE) as % Gross Domestic Product (GDP),4,4,4,
Ghana,Current Health Expenditure (CHE) per Capita in US$,97,94,82,
Ghana,Current Health Expenditure (CHE),3.105,3.070,2.729,
Ghana,Expenditure on COVID-19 per Capita in US$,30,13,8,
Ghana,Population (in thousands),31.888,32.519,33.149,
Guinea,Current Health Expenditure (CHE) as % Gross Domestic Product (GDP),4,4,4,
Guinea,Current Health Expenditure (CHE) per Capita in US$,41,44,55,
Guinea,Current Health Expenditure (CHE),550,605,774,
Guinea,Rest of the World (RoW) as % of Current Health Expenditure (CHE),0,1,,
Guinea,Expenditure on COVID-19 per Capita in US$,4,4,,
Guinea,Population (in thousands),13.371,13.711,14.055,
Guinea-Bissau,Current Health Expenditure (CHE) as % Gross Domestic Product (GDP),9,8,8,
Guinea-Bissau,Current Health Expenditure (CHE) per Capita in US$,68,68,66,
Guinea-Bissau,Current Health Expenditure (CHE),137,141,139,
Guinea-Bissau,Expenditure on COVID-19 per Capita in US$,6,10,,
Guinea-Bissau,Population (in thousands),2.013,2.059,2.106,
Kenya,Current Health Expenditure (CHE) as % Gross Domestic Product (GDP),4,5,4,
Kenya,Current Health Expenditure (CHE) per Capita in US$,87,94,90,
Kenya,Current Health Expenditure (CHE),4.522,5.008,4.907,
Kenya,Population (in thousands),52.217,53.219,54.252,
Lesotho,Current Health Expenditure (CHE) as % Gross Domestic Product (GDP),10,11,13,
Lesotho,Current Health Expenditure (CHE) per Capita in US$,97,117,134,
Lesotho,Current Health Expenditure (CHE),218,264,306,
Lesotho,Population (in thousands),2.236,2.262,2.286,
Liberia,Current Health Expenditure (CHE) as % Gross Domestic Product (GDP),13,14,13,
Liberia,Current Health Expenditure (CHE) per Capita in US$,76,92,100,
Liberia,Current Health Expenditure (CHE),392,486,535,
Liberia,Rest of the World (RoW) as % of Current Health Expenditure (CHE),2,,,
Liberia,Expenditure on COVID-19 per Capita in US$,1,,,
Liberia,Population (in thousands),5.149,5.259,5.373,
Madagascar,Current Health Expenditure (CHE) as % Gross Domestic Product (GDP),4,4,3,
Madagascar,Current Health Expenditure (CHE) per Capita in US$,17,17,16,
Madagascar,Current Health Expenditure (CHE),486,510,497,
Madagascar,Rest of the World (RoW) as % of Current Health Expenditure (CHE),6,4,,
Madagascar,Expenditure on COVID-19 per Capita in US$,2,2,,
Madagascar,Population (in thousands),28.954,29.691,30.437,
Malawi,Current Health Expenditure (CHE) as % Gross Domestic Product (GDP),7,8,7,
Malawi,Current Health Expenditure (CHE) per Capita in US$,43,48,40,
Malawi,Current Health Expenditure (CHE),844,954,816,
Malawi,Population (in thousands),19.534,20.047,20.569,
Mali,Current Health Expenditure (CHE) as % Gross Domestic Product (GDP),3,3,4,
Mali,Current Health Expenditure (CHE) per Capita in US$,28,31,30,
Mali,Current Health Expenditure (CHE),612,686,686,
Mali,Expenditure on COVID-19 per Capita in US$,1,,,
Mali,Population (in thousands),21.714,22.389,23.073,
Mauritania,Current Health Expenditure (CHE) as % Gross Domestic Product (GDP),3,4,4,
Mauritania,Current Health Expenditure (CHE) per Capita in US$,54,74,90,
Mauritania,Current Health Expenditure (CHE),248,349,441,
Mauritania,Expenditure on COVID-19 per Capita in US$,0,1,,
Mauritania,Population (in thousands),4.600,4.735,4.876,
Mauritius,Current Health Expenditure (CHE) as % Gross Domestic Product (GDP),6,7,6,
Mauritius,Current Health Expenditure (CHE) per Capita in US$,542,594,591,
Mauritius,Current Health Expenditure (CHE),695,760,754,
Mauritius,Population (in thousands),1.283,1.280,1.276,
Mozambique,Current Health Expenditure (CHE) as % Gross Domestic Product (GDP),8,9,9,
Mozambique,Current Health Expenditure (CHE) per Capita in US$,35,45,49,
Mozambique,Current Health Expenditure (CHE),1.074,1.434,1.616,
Mozambique,Population (in thousands),30.784,31.708,32.656,
Namibia,Current Health Expenditure (CHE) as % Gross Domestic Product (GDP),9,9,9,
Namibia,Current Health Expenditure (CHE) per Capita in US$,345,414,406,
Namibia,Current Health Expenditure (CHE),941,1.162,1.172,
Namibia,Population (in thousands),2.729,2.811,2.890,
Niger,Current Health Expenditure (CHE) as % Gross Domestic Product (GDP),6,6,4,
Niger,Current Health Expenditure (CHE) per Capita in US$,36,35,27,
Niger,Current Health Expenditure (CHE),848,867,671,
Niger,Rest of the World (RoW) as % of Current Health Expenditure (CHE),0,0,0,
Niger,Expenditure on COVID-19 per Capita in US$,0,1,2,
Niger,Population (in thousands),23.718,24.502,25.312,
Nigeria,Current Health Expenditure (CHE) as % Gross Domestic Product (GDP),3,4,4,
Nigeria,Current Health Expenditure (CHE) per Capita in US$,68,82,91,
Nigeria,Current Health Expenditure (CHE),14.533,17.892,20.289,
Nigeria,Rest of the World (RoW) as % of Current Health Expenditure (CHE),1,,,
Nigeria,Expenditure on COVID-19 per Capita in US$,1,1,,
Nigeria,Population (in thousands),213.996,218.529,223.151,
Rwanda,Current Health Expenditure (CHE) as % Gross Domestic Product (GDP),7,7,8,
Rwanda,Current Health Expenditure (CHE) per Capita in US$,58,60,77,
Rwanda,Current Health Expenditure (CHE),762,807,1.049,
Rwanda,Population (in thousands),13.066,13.355,13.651,
Sao Tome and Principe,Current Health Expenditure (CHE) as % Gross Domestic Product (GDP),7,8,7,
Sao Tome and Principe,Current Health Expenditure (CHE) per Capita in US$,160,187,180,
Sao Tome and Principe,Current Health Expenditure (CHE),35,42,41,
Sao Tome and Principe,Rest of the World (RoW) as % of Current Health Expenditure (CHE),0,0,,
Sao Tome and Principe,Expenditure on COVID-19 per Capita in US$,18,45,,
Sao Tome and Principe,Population (in thousands),217,222,226,
Senegal,Current Health Expenditure (CHE) as % Gross Domestic Product (GDP),5,4,4,
Senegal,Current Health Expenditure (CHE) per Capita in US$,75,71,64,
Senegal,Current Health Expenditure (CHE),1.262,1.225,1.125,
Senegal,Expenditure on COVID-19 per Capita in US$,11,3,,
Senegal,Population (in thousands),16.789,17.221,17.651,
Seychelles,Current Health Expenditure (CHE) as % Gross Domestic Product (GDP),6,5,4,
Seychelles,Current Health Expenditure (CHE) per Capita in US$,693,629,695,
Seychelles,Current Health Expenditure (CHE),83,77,87,
Seychelles,Population (in thousands),120,123,126,
Sierra Leone,Current Health Expenditure (CHE) as % Gross Domestic Product (GDP),9,9,8,
Sierra Leone,Current Health Expenditure (CHE) per Capita in US$,48,45,39,
Sierra Leone,Current Health Expenditure (CHE),379,363,325,
Sierra Leone,Expenditure on COVID-19 per Capita in US$,,0,,
Sierra Leone,Population (in thousands),7.913,8.095,8.277,
South Africa,Current Health Expenditure (CHE) as % Gross Domestic Product (GDP),9,9,9,
South Africa,Current Health Expenditure (CHE) per Capita in US$,503,593,570,
South Africa,Current Health Expenditure (CHE),30.491,36.442,35.546,
South Africa,Population (in thousands),60.562,61.503,62.378,
South Sudan,Current Health Expenditure (CHE) as % Gross Domestic Product (GDP),9,6,7,
South Sudan,Current Health Expenditure (CHE) per Capita in US$,47,35,49,
South Sudan,Current Health Expenditure (CHE),505,375,545,
South Sudan,Population (in thousands),10.698,10.866,11.021,
Togo,Current Health Expenditure (CHE) as % Gross Domestic Product (GDP),6,6,6,
Togo,Current Health Expenditure (CHE) per Capita in US$,53,53,54,
Togo,Current Health Expenditure (CHE),457,468,491,
Togo,Rest of the World (RoW) as % of Current Health Expenditure (CHE),0,,,
Togo,Expenditure on COVID-19 per Capita in US$,1,0,,
Togo,Population (in thousands),8.670,8.878,9.090,
Uganda,Current Health Expenditure (CHE) as % Gross Domestic Product (GDP),5,5,4,
Uganda,Current Health Expenditure (CHE) per Capita in US$,45,51,44,
Uganda,Current Health Expenditure (CHE),1.989,2.343,2.089,
Uganda,Population (in thousands),44.457,45.911,47.313,
United Republic of Tanzania,Current Health Expenditure (CHE) as % Gross Domestic Product (GDP),3,3,3,
United Republic of Tanzania,Current Health Expenditure (CHE) per Capita in US$,32,38,36,
United Republic of Tanzania,Current Health Expenditure (CHE),1.934,2.360,2.307,
United Republic of Tanzania,Population (in thousands),60.973,62.830,64.712,
Zambia,Current Health Expenditure (CHE) as % Gross Domestic Product (GDP),6,7,5,
Zambia,Current Health Expenditure (CHE) per Capita in US$,60,75,76,
Zambia,Current Health Expenditure (CHE),1.144,1.467,1.533,
Zambia,Rest of the World (RoW) as % of Current Health Expenditure (CHE),10,13,,
Zambia,Population (in thousands),19.059,19.604,20.153,
Zimbabwe,Current Health Expenditure (CHE) as % Gross Domestic Product (GDP),3,3,4,
Zimbabwe,Current Health Expenditure (CHE) per Capita in US$,51,64,71,
Zimbabwe,Current Health Expenditure (CHE),794,1.003,1.135,
Zimbabwe,Expenditure on COVID-19 per Capita in US$,2,,,
Zimbabwe,Population (in thousands),15.527,15.797,16.069,
Antigua and Barbuda,Current Health Expenditure (CHE) as % Gross Domestic Product (GDP),6,5,6,
Antigua and Barbuda,Current Health Expenditure (CHE) per Capita in US$,884,843,1.085,
Antigua and Barbuda,Current Health Expenditure (CHE),81,78,101,
Antigua and Barbuda,Population (in thousands),92,92,93,
Argentina,Current Health Expenditure (CHE) as % Gross Domestic Product (GDP),10,10,10,
Argentina,Current Health Expenditure (CHE) per Capita in US$,892,1.081,1.371,
Argentina,Current Health Expenditure (CHE),40.311,48.977,62.249,
Argentina,Population (in thousands),45.192,45.312,45.408,
Bahamas,Current Health Expenditure (CHE) as % Gross Domestic Product (GDP),8,7,7,
Bahamas,Current Health Expenditure (CHE) per Capita in US$,1.871,2.038,2.341,
Bahamas,Current Health Expenditure (CHE),741,808,931,
Bahamas,Population (in thousands),396,396,398,
Barbados,Current Health Expenditure (CHE) as % Gross Domestic Product (GDP),7,8,6,
Barbados,Current Health Expenditure (CHE) per Capita in US$,1.234,1.391,1.302,
Barbados,Current Health Expenditure (CHE),348,393,368,
Barbados,Population (in thousands),282,282,282,
Belize,Current Health Expenditure (CHE) as % Gross Domestic Product (GDP),5,5,4,
Belize,Current Health Expenditure (CHE) per Capita in US$,281,310,297,
Belize,Current Health Expenditure (CHE),110,123,120,
Belize,Population (in thousands),391,395,403,
Bolivia (Plurinational State of),Current Health Expenditure (CHE) as % Gross Domestic Product (GDP),8,8,8,
Bolivia (Plurinational State of),Current Health Expenditure (CHE) per Capita in US$,249,276,307,
Bolivia (Plurinational State of),Current Health Expenditure (CHE),2.939,3.297,3.709,
Bolivia (Plurinational State of),Population (in thousands),11.816,11.937,12.077,
Brazil,Current Health Expenditure (CHE) as % Gross Domestic Product (GDP),10,10,9,
Brazil,Current Health Expenditure (CHE) per Capita in US$,681,768,849,
Brazil,Current Health Expenditure (CHE),142.050,160.991,178.460,
Brazil,Population (in thousands),208.661,209.550,210.306,
Canada,Current Health Expenditure (CHE) as % Gross Domestic Product (GDP),13,12,11,11
Canada,Current Health Expenditure (CHE) per Capita in US$,5.649,6.483,6.255,6.112
Canada,Current Health Expenditure (CHE),215.640,249.312,242.828,240.197
Canada,Rest of the World (RoW) as % of Current Health Expenditure (CHE),0,0,0,0
Canada,Expenditure on COVID-19 per Capita in US$,626,741,168,
Canada,Population (in thousands),38.172,38.454,38.821,39.299
Chile,Current Health Expenditure (CHE) as % Gross Domestic Product (GDP),10,10,10,10
Chile,Current Health Expenditure (CHE) per Capita in US$,1.271,1.577,1.547,1.715
Chile,Current Health Expenditure (CHE),24.620,30.677,30.254,33.713
Chile,Rest of the World (RoW) as % of Current Health Expenditure (CHE),0,,,
Chile,Expenditure on COVID-19 per Capita in US$,50,88,73,
Chile,Population (in thousands),19.371,19.456,19.553,19.659
Colombia,Current Health Expenditure (CHE) as % Gross Domestic Product (GDP),9,9,8,8
Colombia,Current Health Expenditure (CHE) per Capita in US$,465,561,506,534
Colombia,Current Health Expenditure (CHE),23.542,28.723,26.154,27.962
Colombia,Rest of the World (RoW) as % of Current Health Expenditure (CHE),,,,0
Colombia,Expenditure on COVID-19 per Capita in US$,7,41,13,5
Colombia,Population (in thousands),50.630,51.188,51.738,52.321
Costa Rica,Current Health Expenditure (CHE) as % Gross Domestic Product (GDP),8,8,7,
Costa Rica,Current Health Expenditure (CHE) per Capita in US$,970,977,979,
Costa Rica,Current Health Expenditure (CHE),4.883,4.944,4.974,
Costa Rica,Rest of the World (RoW) as % of Current Health Expenditure (CHE),0,0,0,
Costa Rica,Expenditure on COVID-19 per Capita in US$,58,124,17,
Costa Rica,Population (in thousands),5.034,5.060,5.082,
Cuba,Current Health Expenditure (CHE) as % Gross Domestic Product (GDP),12,14,12,
Cuba,Current Health Expenditure (CHE) per Capita in US$,1.199,,,
Cuba,Current Health Expenditure (CHE),13.404,,,
Cuba,Population (in thousands),11.176,11.122,11.060,
Dominica,Current Health Expenditure (CHE) as % Gross Domestic Product (GDP),6,6,6,
Dominica,Current Health Expenditure (CHE) per Capita in US$,457,522,574,
Dominica,Current Health Expenditure (CHE),31,35,38,
Dominica,Population (in thousands),68,67,67,
Dominican Republic,Current Health Expenditure (CHE) as % Gross Domestic Product (GDP),5,5,5,
Dominican Republic,Current Health Expenditure (CHE) per Capita in US$,354,417,462,
Dominican Republic,Current Health Expenditure (CHE),3.895,4.635,5.192,
Dominican Republic,Population (in thousands),11.008,11.123,11.231,
Ecuador,Current Health Expenditure (CHE) as % Gross Domestic Product (GDP),9,8,8,
Ecuador,Current Health Expenditure (CHE) per Capita in US$,473,499,493,
Ecuador,Current Health Expenditure (CHE),8.300,8.817,8.784,
Ecuador,Population (in thousands),17.546,17.682,17.824,
El Salvador,Current Health Expenditure (CHE) as % Gross Domestic Product (GDP),9,10,10,
El Salvador,Current Health Expenditure (CHE) per Capita in US$,358,470,501,
El Salvador,Current Health Expenditure (CHE),2.231,2.941,3.148,
El Salvador,Expenditure on COVID-19 per Capita in US$,29,48,,
El Salvador,Population (in thousands),6.235,6.256,6.280,
Grenada,Current Health Expenditure (CHE) as % Gross Domestic Product (GDP),5,5,5,
Grenada,Current Health Expenditure (CHE) per Capita in US$,477,514,521,
Grenada,Current Health Expenditure (CHE),56,60,61,
Grenada,Population (in thousands),116,117,117,
Guatemala,Current Health Expenditure (CHE) as % Gross Domestic Product (GDP),6,7,7,
Guatemala,Current Health Expenditure (CHE) per Capita in US$,289,341,396,
Guatemala,Current Health Expenditure (CHE),5.020,6.004,7.069,
Guatemala,Expenditure on COVID-19 per Capita in US$,4,24,12,
Guatemala,Population (in thousands),17.357,17.599,17.848,
Guyana,Current Health Expenditure (CHE) as % Gross Domestic Product (GDP),5,5,3,
Guyana,Current Health Expenditure (CHE) per Capita in US$,367,463,532,
Guyana,Current Health Expenditure (CHE),296,377,437,
Guyana,Population (in thousands),807,815,822,
Haiti,Current Health Expenditure (CHE) as % Gross Domestic Product (GDP),3,3,3,
Haiti,Current Health Expenditure (CHE) per Capita in US$,44,58,52,
Haiti,Current Health Expenditure (CHE),500,656,602,
Haiti,Population (in thousands),11.244,11.375,11.504,
Honduras,Current Health Expenditure (CHE) as % Gross Domestic Product (GDP),9,9,8,
Honduras,Current Health Expenditure (CHE) per Capita in US$,213,254,251,
Honduras,Current Health Expenditure (CHE),2.153,2.610,2.627,
Honduras,Expenditure on COVID-19 per Capita in US$,4,12,,
Honduras,Population (in thousands),10.120,10.290,10.464,
Jamaica,Current Health Expenditure (CHE) as % Gross Domestic Product (GDP),7,7,8,
Jamaica,Current Health Expenditure (CHE) per Capita in US$,323,371,468,
Jamaica,Current Health Expenditure (CHE),915,1.053,1.330,
Jamaica,Population (in thousands),2.831,2.838,2.839,
Mexico,Current Health Expenditure (CHE) as % Gross Domestic Product (GDP),6,6,6,
Mexico,Current Health Expenditure (CHE) per Capita in US$,535,606,651,
Mexico,Current Health Expenditure (CHE),67.852,77.372,83.723,
Mexico,Population (in thousands),126.799,127.648,128.613,
Nicaragua,Current Health Expenditure (CHE) as % Gross Domestic Product (GDP),9,10,9,
Nicaragua,Current Health Expenditure (CHE) per Capita in US$,166,204,208,
Nicaragua,Current Health Expenditure (CHE),1.089,1.357,1.403,
Nicaragua,Population (in thousands),6.565,6.645,6.731,
Panama,Current Health Expenditure (CHE) as % Gross Domestic Product (GDP),10,9,8,
Panama,Current Health Expenditure (CHE) per Capita in US$,1.358,1.417,1.472,
Panama,Current Health Expenditure (CHE),5.832,6.158,6.478,
Panama,Population (in thousands),4.293,4.345,4.401,
Paraguay,Current Health Expenditure (CHE) as % Gross Domestic Product (GDP),8,8,8,
Paraguay,Current Health Expenditure (CHE) per Capita in US$,412,480,480,
Paraguay,Current Health Expenditure (CHE),2.720,3.209,3.246,
Paraguay,Expenditure on COVID-19 per Capita in US$,20,38,,
Paraguay,Population (in thousands),6.604,6.684,6.760,
Peru,Current Health Expenditure (CHE) as % Gross Domestic Product (GDP),6,7,6,
Peru,Current Health Expenditure (CHE) per Capita in US$,400,456,446,
Peru,Current Health Expenditure (CHE),13.122,15.109,14.925,
Peru,Population (in thousands),32.839,33.156,33.475,
Saint Kitts and Nevis,Current Health Expenditure (CHE) as % Gross Domestic Product (GDP),6,6,6,
Saint Kitts and Nevis,Current Health Expenditure (CHE) per Capita in US$,1.068,1.134,1.160,
Saint Kitts and Nevis,Current Health Expenditure (CHE),50,53,54,
Saint Kitts and Nevis,Population (in thousands),47,47,47,
Saint Lucia,Current Health Expenditure (CHE) as % Gross Domestic Product (GDP),7,6,5,
Saint Lucia,Current Health Expenditure (CHE) per Capita in US$,578,588,645,
Saint Lucia,Current Health Expenditure (CHE),103,105,115,
Saint Lucia,Population (in thousands),178,179,179,
Saint Vincent and the Grenadines,Current Health Expenditure (CHE) as % Gross Domestic Product (GDP),5,5,5,
Saint Vincent and the Grenadines,Current Health Expenditure (CHE) per Capita in US$,406,455,435,
Saint Vincent and the Grenadines,Current Health Expenditure (CHE),42,47,44,
Saint Vincent and the Grenadines,Population (in thousands),104,103,102,
Suriname,Current Health Expenditure (CHE) as % Gross Domestic Product (GDP),7,5,6,
Suriname,Current Health Expenditure (CHE) per Capita in US$,453,294,344,
Suriname,Current Health Expenditure (CHE),278,182,214,
Suriname,Population (in thousands),612,618,623,
Trinidad and Tobago,Current Health Expenditure (CHE) as % Gross Domestic Product (GDP),7,7,6,
Trinidad and Tobago,Current Health Expenditure (CHE) per Capita in US$,1.052,1.173,1.292,
Trinidad and Tobago,Current Health Expenditure (CHE),1.558,1.746,1.933,
Trinidad and Tobago,Population (in thousands),1.481,1.488,1.496,
United States of America,Current Health Expenditure (CHE) as % Gross Domestic Product (GDP),19,18,16,
United States of America,Current Health Expenditure (CHE) per Capita in US$,11.673,11.999,12.434,
United States of America,Current Health Expenditure (CHE),3.962.160,4.081.628,4.246.783,
United States of America,Rest of the World (RoW) as % of Current Health Expenditure (CHE),0,0,0,
United States of America,Population (in thousands),339.436,340.161,341.534,
Uruguay,Current Health Expenditure (CHE) as % Gross Domestic Product (GDP),9,9,9,
Uruguay,Current Health Expenditure (CHE) per Capita in US$,1.432,1.595,1.851,
Uruguay,Current Health Expenditure (CHE),4.867,5.418,6.276,
Uruguay,Rest of the World (RoW) as % of Current Health Expenditure (CHE),0,0,,
Uruguay,Expenditure on COVID-19 per Capita in US$,14,127,,
Uruguay,Population (in thousands),3.399,3.397,3.391,
Venezuela (Bolivarian Republic of),Current Health Expenditure (CHE) as % Gross Domestic Product (GDP),4,4,5,
Venezuela (Bolivarian Republic of),Current Health Expenditure (CHE) per Capita in US$,153,163,209,
Venezuela (Bolivarian Republic of),Current Health Expenditure (CHE),4.359,4.589,5.884,
Venezuela (Bolivarian Republic of),Rest of the World (RoW) as % of Current Health Expenditure (CHE),0,,,
Venezuela (Bolivarian Republic of),Population (in thousands),28.444,28.238,28.213,
Afghanistan,Current Health Expenditure (CHE) as % Gross Domestic Product (GDP),16,22,23,
Afghanistan,Current Health Expenditure (CHE) per Capita in US$,80,82,81,
Afghanistan,Current Health Expenditure (CHE),3.129,3.261,3.273,
Afghanistan,Rest of the World (RoW) as % of Current Health Expenditure (CHE),,,8,
Afghanistan,Expenditure on COVID-19 per Capita in US$,3,2,1,
Afghanistan,Population (in thousands),39.069,40.000,40.579,
Bahrain,Current Health Expenditure (CHE) as % Gross Domestic Product (GDP),5,4,4,
Bahrain,Current Health Expenditure (CHE) per Capita in US$,1.102,1.175,1.111,
Bahrain,Current Health Expenditure (CHE),1.634,1.765,1.703,
Bahrain,Population (in thousands),1.483,1.502,1.533,
Djibouti,Current Health Expenditure (CHE) as % Gross Domestic Product (GDP),2,3,2,
Djibouti,Current Health Expenditure (CHE) per Capita in US$,67,87,82,
Djibouti,Current Health Expenditure (CHE),74,98,93,
Djibouti,Population (in thousands),1.105,1.121,1.137,
Egypt,Current Health Expenditure (CHE) as % Gross Domestic Product (GDP),4,5,5,
Egypt,Current Health Expenditure (CHE) per Capita in US$,148,177,171,
Egypt,Current Health Expenditure (CHE),16.217,19.632,19.255,
Egypt,Population (in thousands),109.315,110.957,112.618,
Iran (Islamic Republic of),Current Health Expenditure (CHE) as % Gross Domestic Product (GDP),5,6,5,
Iran (Islamic Republic of),Current Health Expenditure (CHE) per Capita in US$,201,234,238,
Iran (Islamic Republic of),Current Health Expenditure (CHE),17.673,20.676,21.291,
Iran (Islamic Republic of),Rest of the World (RoW) as % of Current Health Expenditure (CHE),0,0,0,
Iran (Islamic Republic of),Population (in thousands),87.723,88.455,89.524,
Iraq,Current Health Expenditure (CHE) as % Gross Domestic Product (GDP),6,5,4,
Iraq,Current Health Expenditure (CHE) per Capita in US$,248,252,255,
Iraq,Current Health Expenditure (CHE),10.447,10.837,11.221,
Iraq,Population (in thousands),42.117,43.071,44.071,
Jordan,Current Health Expenditure (CHE) as % Gross Domestic Product (GDP),7,7,7,
Jordan,Current Health Expenditure (CHE) per Capita in US$,286,301,295,
Jordan,Current Health Expenditure (CHE),3.110,3.334,3.322,
Jordan,Population (in thousands),10.865,11.066,11.256,
Kuwait,Current Health Expenditure (CHE) as % Gross Domestic Product (GDP),6,6,4,
Kuwait,Current Health Expenditure (CHE) per Capita in US$,1.523,1.789,1.700,
Kuwait,Current Health Expenditure (CHE),6.703,7.800,7.804,
Kuwait,Population (in thousands),4.400,4.361,4.590,
Lebanon,Current Health Expenditure (CHE) as % Gross Domestic Product (GDP),8,5,6,
Lebanon,Current Health Expenditure (CHE) per Capita in US$,518,312,392,
Lebanon,Current Health Expenditure (CHE),2.956,1.783,2.254,
Lebanon,Population (in thousands),5.702,5.718,5.744,
Libya,Current Health Expenditure (CHE) as % Gross Domestic Product (GDP),7,6,5,
Libya,Current Health Expenditure (CHE) per Capita in US$,473,307,278,
Libya,Current Health Expenditure (CHE),3.330,2.188,2.011,
Libya,Population (in thousands),7.045,7.135,7.224,
Morocco,Current Health Expenditure (CHE) as % Gross Domestic Product (GDP),6,6,6,
Morocco,Current Health Expenditure (CHE) per Capita in US$,185,212,199,
Morocco,Current Health Expenditure (CHE),6.785,7.832,7.436,
Morocco,Population (in thousands),36.584,36.954,37.329,
"occupied Palestinian territory, including east Jerusalem",Current Health Expenditure (CHE) as % Gross Domestic Product (GDP),10,10,10,
"occupied Palestinian territory, including east Jerusalem",Current Health Expenditure (CHE) per Capita in US$,315,364,351,
"occupied Palestinian territory, including east Jerusalem",Current Health Expenditure (CHE),1.596,1.890,1.860,
"occupied Palestinian territory, including east Jerusalem",Rest of the World (RoW) as % of Current Health Expenditure (CHE),3,3,3,
"occupied Palestinian territory, including east Jerusalem",Population (in thousands),5.070,5.185,5.305,
Oman,Current Health Expenditure (CHE) as % Gross Domestic Product (GDP),5,4,3,
Oman,Current Health Expenditure (CHE) per Capita in US$,859,856,707,
Oman,Current Health Expenditure (CHE),3.886,3.854,3.344,
Oman,Population (in thousands),4.522,4.500,4.730,
Pakistan,Current Health Expenditure (CHE) as % Gross Domestic Product (GDP),3,3,3,
Pakistan,Current Health Expenditure (CHE) per Capita in US$,37,43,39,
Pakistan,Current Health Expenditure (CHE),8.674,10.249,9.447,
Pakistan,Rest of the World (RoW) as % of Current Health Expenditure (CHE),0,0,0,
Pakistan,Population (in thousands),235.002,239.478,243.701,
Qatar,Current Health Expenditure (CHE) as % Gross Domestic Product (GDP),4,3,2,
Qatar,Current Health Expenditure (CHE) per Capita in US$,1.967,1.847,1.782,
Qatar,Current Health Expenditure (CHE),5.515,5.199,5.153,
Qatar,Population (in thousands),2.803,2.815,2.892,
Saudi Arabia,Current Health Expenditure (CHE) as % Gross Domestic Product (GDP),7,6,5,
Saudi Arabia,Current Health Expenditure (CHE) per Capita in US$,1.575,1.655,1.593,
Saudi Arabia,Current Health Expenditure (CHE),48.802,51.840,51.267,
Saudi Arabia,Population (in thousands),30.991,31.328,32.175,
Somalia,Current Health Expenditure (CHE) as % Gross Domestic Product (GDP),2,3,3,
Somalia,Current Health Expenditure (CHE) per Capita in US$,12,15,15,
Somalia,Current Health Expenditure (CHE),207,253,273,
Somalia,Population (in thousands),16.651,17.271,17.802,
Sudan,Current Health Expenditure (CHE) as % Gross Domestic Product (GDP),3,3,5,
Sudan,Current Health Expenditure (CHE) per Capita in US$,22,20,32,
Sudan,Current Health Expenditure (CHE),1.037,985,1.559,
Sudan,Population (in thousands),46.789,48.067,49.383,
Syrian Arab Republic,Current Health Expenditure (CHE) as % Gross Domestic Product (GDP),4,5,4,
Syrian Arab Republic,Current Health Expenditure (CHE) per Capita in US$,31,26,34,
Syrian Arab Republic,Current Health Expenditure (CHE),645,558,772,
Syrian Arab Republic,Population (in thousands),21.049,21.629,22.462,
Tunisia,Current Health Expenditure (CHE) as % Gross Domestic Product (GDP),7,7,7,
Tunisia,Current Health Expenditure (CHE) per Capita in US$,250,270,266,
Tunisia,Current Health Expenditure (CHE),2.999,3.257,3.222,
Tunisia,Population (in thousands),11.974,12.049,12.119,
United Arab Emirates,Current Health Expenditure (CHE) as % Gross Domestic Product (GDP),6,5,5,
United Arab Emirates,Current Health Expenditure (CHE) per Capita in US$,2.154,2.250,2.315,
United Arab Emirates,Current Health Expenditure (CHE),20.356,22.025,23.708,
United Arab Emirates,Expenditure on COVID-19 per Capita in US$,369,379,,
United Arab Emirates,Population (in thousands),9.449,9.789,10.242,
Yemen,Current Health Expenditure (CHE) as % Gross Domestic Product (GDP),6,6,6,
Yemen,Current Health Expenditure (CHE) per Capita in US$,32,32,38,
Yemen,Current Health Expenditure (CHE),1.167,1.189,1.457,
Yemen,Population (in thousands),36.135,37.140,38.223,
Albania,Current Health Expenditure (CHE) as % Gross Domestic Product (GDP),8,7,6,
Albania,Current Health Expenditure (CHE) per Capita in US$,396,466,414,
Albania,Current Health Expenditure (CHE),1.138,1.327,1.172,
Albania,Population (in thousands),2.872,2.850,2.828,
Andorra,Current Health Expenditure (CHE) as % Gross Domestic Product (GDP),9,8,8,8
Andorra,Current Health Expenditure (CHE) per Capita in US$,3.283,3.536,3.192,3.654
Andorra,Current Health Expenditure (CHE),254,277,254,295
Andorra,Population (in thousands),77,78,80,81
Armenia,Current Health Expenditure (CHE) as % Gross Domestic Product (GDP),12,12,10,
Armenia,Current Health Expenditure (CHE) per Capita in US$,535,596,675,
Armenia,Current Health Expenditure (CHE),1.547,1.710,1.944,
Armenia,Rest of the World (RoW) as % of Current Health Expenditure (CHE),0,0,0,
Armenia,Expenditure on COVID-19 per Capita in US$,,56,9,
Armenia,Population (in thousands),2.891,2.870,2.881,
Austria,Current Health Expenditure (CHE) as % Gross Domestic Product (GDP),11,12,11,11
Austria,Current Health Expenditure (CHE) per Capita in US$,5.531,6.520,5.852,6.209
Austria,Current Health Expenditure (CHE),49.232,58.245,52.544,56.528
Austria,Rest of the World (RoW) as % of Current Health Expenditure (CHE),0,0,0,
Austria,Expenditure on COVID-19 per Capita in US$,198,681,349,
Austria,Population (in thousands),8.901,8.933,8.979,9.105
Azerbaijan,Current Health Expenditure (CHE) as % Gross Domestic Product (GDP),6,5,4,
Azerbaijan,Current Health Expenditure (CHE) per Capita in US$,245,251,304,
Azerbaijan,Current Health Expenditure (CHE),2.497,2.569,3.132,
Azerbaijan,Population (in thousands),10.182,10.234,10.295,
Belarus,Current Health Expenditure (CHE) as % Gross Domestic Product (GDP),6,7,7,
Belarus,Current Health Expenditure (CHE) per Capita in US$,420,484,529,
Belarus,Current Health Expenditure (CHE),3.931,4.478,4.853,
Belarus,Population (in thousands),9.351,9.251,9.173,
Belgium,Current Health Expenditure (CHE) as % Gross Domestic Product (GDP),11,11,11,
Belgium,Current Health Expenditure (CHE) per Capita in US$,5.145,5.744,5.405,
Belgium,Current Health Expenditure (CHE),59.283,66.366,62.789,
Belgium,Rest of the World (RoW) as % of Current Health Expenditure (CHE),0,0,0,
Belgium,Expenditure on COVID-19 per Capita in US$,259,235,130,
Belgium,Population (in thousands),11.522,11.555,11.618,
Bosnia and Herzegovina,Current Health Expenditure (CHE) as % Gross Domestic Product (GDP),10,10,9,
Bosnia and Herzegovina,Current Health Expenditure (CHE) per Capita in US$,595,697,667,
Bosnia and Herzegovina,Current Health Expenditure (CHE),1.963,2.262,2.139,
Bosnia and Herzegovina,Expenditure on COVID-19 per Capita in US$,23,38,,
Bosnia and Herzegovina,Population (in thousands),3.299,3.245,3.205,
Bulgaria,Current Health Expenditure (CHE) as % Gross Domestic Product (GDP),8,9,8,
Bulgaria,Current Health Expenditure (CHE) per Capita in US$,857,1.047,1.011,
Bulgaria,Current Health Expenditure (CHE),5.955,7.245,6.915,
Bulgaria,Rest of the World (RoW) as % of Current Health Expenditure (CHE),0,0,0,
Bulgaria,Expenditure on COVID-19 per Capita in US$,47,144,44,
Bulgaria,Population (in thousands),6.951,6.917,6.839,
Croatia,Current Health Expenditure (CHE) as % Gross Domestic Product (GDP),8,8,7,
Croatia,Current Health Expenditure (CHE) per Capita in US$,1.095,1.384,1.344,
Croatia,Current Health Expenditure (CHE),4.442,5.587,5.192,
Croatia,Rest of the World (RoW) as % of Current Health Expenditure (CHE),0,0,0,
Croatia,Expenditure on COVID-19 per Capita in US$,68,114,78,
Croatia,Population (in thousands),4.058,4.036,3.862,
Cyprus,Current Health Expenditure (CHE) as % Gross Domestic Product (GDP),9,9,9,
Cyprus,Current Health Expenditure (CHE) per Capita in US$,2.483,3.118,2.864,
Cyprus,Current Health Expenditure (CHE),2.205,2.794,2.591,
Cyprus,Expenditure on COVID-19 per Capita in US$,61,122,92,
Cyprus,Population (in thousands),888,896,905,
Czechia,Current Health Expenditure (CHE) as % Gross Domestic Product (GDP),9,9,9,9
Czechia,Current Health Expenditure (CHE) per Capita in US$,2.106,2.538,2.431,2.609
Czechia,Current Health Expenditure (CHE),22.524,26.636,25.567,28.254
Czechia,Rest of the World (RoW) as % of Current Health Expenditure (CHE),0,,,
Czechia,Expenditure on COVID-19 per Capita in US$,199,245,81,
Czechia,Population (in thousands),10.694,10.495,10.517,10.828
Denmark,Current Health Expenditure (CHE) as % Gross Domestic Product (GDP),11,11,9,9
Denmark,Current Health Expenditure (CHE) per Capita in US$,6.530,7.466,6.456,6.432
Denmark,Current Health Expenditure (CHE),38.025,43.600,37.919,38.161
Denmark,Rest of the World (RoW) as % of Current Health Expenditure (CHE),0,0,0,0
Denmark,Expenditure on COVID-19 per Capita in US$,127,519,163,
Denmark,Population (in thousands),5.823,5.840,5.873,5.933
Estonia,Current Health Expenditure (CHE) as % Gross Domestic Product (GDP),8,7,7,
Estonia,Current Health Expenditure (CHE) per Capita in US$,1.789,2.091,1.999,
Estonia,Current Health Expenditure (CHE),2.378,2.781,2.662,
Estonia,Rest of the World (RoW) as % of Current Health Expenditure (CHE),0,0,0,
Estonia,Expenditure on COVID-19 per Capita in US$,148,206,88,
Estonia,Population (in thousands),1.329,1.330,1.332,
Finland,Current Health Expenditure (CHE) as % Gross Domestic Product (GDP),10,10,10,
Finland,Current Health Expenditure (CHE) per Capita in US$,4.736,5.262,4.902,
Finland,Current Health Expenditure (CHE),26.189,29.157,27.301,
Finland,Expenditure on COVID-19 per Capita in US$,66,206,,
Finland,Population (in thousands),5.530,5.541,5.569,
France,Current Health Expenditure (CHE) as % Gross Domestic Product (GDP),12,12,12,
France,Current Health Expenditure (CHE) per Capita in US$,4.748,5.377,4.865,
France,Current Health Expenditure (CHE),319.604,363.773,330.209,
France,Expenditure on COVID-19 per Capita in US$,169,251,107,
France,Population (in thousands),67.320,67.657,67.872,
Georgia,Current Health Expenditure (CHE) as % Gross Domestic Product (GDP),8,8,7,
Georgia,Current Health Expenditure (CHE) per Capita in US$,352,414,478,
Georgia,Current Health Expenditure (CHE),1.336,1.567,1.813,
Georgia,Population (in thousands),3.796,3.788,3.795,
Germany,Current Health Expenditure (CHE) as % Gross Domestic Product (GDP),13,13,13,12
Germany,Current Health Expenditure (CHE) per Capita in US$,5.932,6.638,6.182,6.233
Germany,Current Health Expenditure (CHE),493.362,552.000,514.601,525.774
Germany,Rest of the World (RoW) as % of Current Health Expenditure (CHE),0,0,0,
Germany,Expenditure on COVID-19 per Capita in US$,250,435,456,54
Germany,Population (in thousands),83.167,83.155,83.237,84.359
Greece,Current Health Expenditure (CHE) as % Gross Domestic Product (GDP),10,9,8,
Greece,Current Health Expenditure (CHE) per Capita in US$,1.675,1.846,1.768,
Greece,Current Health Expenditure (CHE),17.951,19.717,18.494,
Greece,Rest of the World (RoW) as % of Current Health Expenditure (CHE),0,0,0,
Greece,Expenditure on COVID-19 per Capita in US$,,36,47,
Greece,Population (in thousands),10.719,10.679,10.460,
Hungary,Current Health Expenditure (CHE) as % Gross Domestic Product (GDP),7,7,7,6
Hungary,Current Health Expenditure (CHE) per Capita in US$,1.173,1.382,1.224,1.407
Hungary,Current Health Expenditure (CHE),11.458,13.444,11.864,13.512
Hungary,Rest of the World (RoW) as % of Current Health Expenditure (CHE),0,0,0,
Hungary,Expenditure on COVID-19 per Capita in US$,32,90,,
Hungary,Population (in thousands),9.770,9.731,9.689,9.600
Iceland,Current Health Expenditure (CHE) as % Gross Domestic Product (GDP),10,10,9,9
Iceland,Current Health Expenditure (CHE) per Capita in US$,5.693,6.722,6.852,7.197
Iceland,Current Health Expenditure (CHE),2.087,2.505,2.606,2.789
Iceland,Rest of the World (RoW) as % of Current Health Expenditure (CHE),0,0,,
Iceland,Expenditure on COVID-19 per Capita in US$,156,281,335,
Iceland,Population (in thousands),367,373,380,388
Ireland,Current Health Expenditure (CHE) as % Gross Domestic Product (GDP),7,7,6,
Ireland,Current Health Expenditure (CHE) per Capita in US$,6.098,6.764,6.448,
Ireland,Current Health Expenditure (CHE),30.274,33.864,32.627,
Ireland,Population (in thousands),4.964,5.006,5.060,
Israel,Current Health Expenditure (CHE) as % Gross Domestic Product (GDP),8,8,7,
Israel,Current Health Expenditure (CHE) per Capita in US$,3.617,4.191,4.224,
Israel,Current Health Expenditure (CHE),31.827,37.476,38.451,
Israel,Rest of the World (RoW) as % of Current Health Expenditure (CHE),1,1,1,
Israel,Expenditure on COVID-19 per Capita in US$,229,371,,
Israel,Population (in thousands),8.800,8.943,9.103,
Italy,Current Health Expenditure (CHE) as % Gross Domestic Product (GDP),10,9,9,9
Italy,Current Health Expenditure (CHE) per Capita in US$,3.062,3.400,3.135,3.228
Italy,Current Health Expenditure (CHE),182.628,201.395,185.041,190.469
Italy,Population (in thousands),59.641,59.236,59.030,58.997
Kazakhstan,Current Health Expenditure (CHE) as % Gross Domestic Product (GDP),4,4,4,
Kazakhstan,Current Health Expenditure (CHE) per Capita in US$,330,392,421,
Kazakhstan,Current Health Expenditure (CHE),6.421,7.736,8.434,
Kazakhstan,Rest of the World (RoW) as % of Current Health Expenditure (CHE),0,,,
Kazakhstan,Expenditure on COVID-19 per Capita in US$,,63,,
Kazakhstan,Population (in thousands),19.482,19.744,20.035,
Kyrgyzstan,Current Health Expenditure (CHE) as % Gross Domestic Product (GDP),5,5,5,
Kyrgyzstan,Current Health Expenditure (CHE) per Capita in US$,61,73,86,
Kyrgyzstan,Current Health Expenditure (CHE),409,495,597,
Kyrgyzstan,Population (in thousands),6.664,6.820,6.956,
Latvia,Current Health Expenditure (CHE) as % Gross Domestic Product (GDP),7,9,8,
Latvia,Current Health Expenditure (CHE) per Capita in US$,1.313,1.898,1.642,
Latvia,Current Health Expenditure (CHE),2.505,3.593,3.081,
Latvia,Rest of the World (RoW) as % of Current Health Expenditure (CHE),,0,0,
Latvia,Expenditure on COVID-19 per Capita in US$,44,296,127,
Latvia,Population (in thousands),1.908,1.893,1.876,
Lithuania,Current Health Expenditure (CHE) as % Gross Domestic Product (GDP),7,8,7,7
Lithuania,Current Health Expenditure (CHE) per Capita in US$,1.520,1.854,1.830,1.989
Lithuania,Current Health Expenditure (CHE),4.248,5.184,5.134,5.683
Lithuania,Rest of the World (RoW) as % of Current Health Expenditure (CHE),0,0,0,0
Lithuania,Expenditure on COVID-19 per Capita in US$,53,111,15,
Lithuania,Population (in thousands),2.794,2.796,2.806,2.857
Luxembourg,Current Health Expenditure (CHE) as % Gross Domestic Product (GDP),6,6,6,6
Luxembourg,Current Health Expenditure (CHE) per Capita in US$,6.786,7.633,7.023,7.505
Luxembourg,Current Health Expenditure (CHE),4.249,4.845,4.532,4.959
Luxembourg,Rest of the World (RoW) as % of Current Health Expenditure (CHE),1,1,1,1
Luxembourg,Expenditure on COVID-19 per Capita in US$,529,565,225,20
Luxembourg,Population (in thousands),626,635,645,661
Malta,Current Health Expenditure (CHE) as % Gross Domestic Product (GDP),11,10,10,
Malta,Current Health Expenditure (CHE) per Capita in US$,3.135,3.642,3.353,
Malta,Current Health Expenditure (CHE),1.613,1.879,1.747,
Malta,Rest of the World (RoW) as % of Current Health Expenditure (CHE),0,0,0,
Malta,Expenditure on COVID-19 per Capita in US$,130,157,,
Malta,Population (in thousands),515,516,521,
Monaco,Current Health Expenditure (CHE) as % Gross Domestic Product (GDP),4,4,3,
Monaco,Current Health Expenditure (CHE) per Capita in US$,7.580,8.223,7.656,
Monaco,Current Health Expenditure (CHE),288,317,298,
Monaco,Population (in thousands),38,39,39,
Montenegro,Current Health Expenditure (CHE) as % Gross Domestic Product (GDP),11,11,11,
Montenegro,Current Health Expenditure (CHE) per Capita in US$,896,1.024,1.107,
Montenegro,Current Health Expenditure (CHE),545,618,680,
Montenegro,Population (in thousands),608,604,615,
Netherlands (Kingdom of the),Current Health Expenditure (CHE) as % Gross Domestic Product (GDP),11,11,10,
Netherlands (Kingdom of the),Current Health Expenditure (CHE) per Capita in US$,5.866,6.555,5.796,
Netherlands (Kingdom of the),Current Health Expenditure (CHE),102.111,114.551,101.956,
Netherlands (Kingdom of the),Rest of the World (RoW) as % of Current Health Expenditure (CHE),0,0,0,
Netherlands (Kingdom of the),Expenditure on COVID-19 per Capita in US$,550,641,202,
Netherlands (Kingdom of the),Population (in thousands),17.408,17.475,17.591,
North Macedonia,Current Health Expenditure (CHE) as % Gross Domestic Product (GDP),8,9,8,
North Macedonia,Current Health Expenditure (CHE) per Capita in US$,511,637,562,
North Macedonia,Current Health Expenditure (CHE),956,1.179,1.034,
North Macedonia,Population (in thousands),1.872,1.851,1.840,
Norway,Current Health Expenditure (CHE) as % Gross Domestic Product (GDP),11,10,8,
Norway,Current Health Expenditure (CHE) per Capita in US$,7.825,9.163,8.693,
Norway,Current Health Expenditure (CHE),41.999,49.402,47.160,
Norway,Rest of the World (RoW) as % of Current Health Expenditure (CHE),,,0,
Norway,Expenditure on COVID-19 per Capita in US$,109,190,52,
Norway,Population (in thousands),5.368,5.391,5.425,
Poland,Current Health Expenditure (CHE) as % Gross Domestic Product (GDP),6,6,6,7
Poland,Current Health Expenditure (CHE) per Capita in US$,1.026,1.183,1.193,1.544
Poland,Current Health Expenditure (CHE),38.944,43.869,44.014,56.688
Poland,Rest of the World (RoW) as % of Current Health Expenditure (CHE),0,0,0,
Poland,Expenditure on COVID-19 per Capita in US$,,,171,
Poland,Population (in thousands),37.958,37.073,36.890,36.754
Portugal,Current Health Expenditure (CHE) as % Gross Domestic Product (GDP),11,11,10,10
Portugal,Current Health Expenditure (CHE) per Capita in US$,2.346,2.760,2.581,2.744
Portugal,Current Health Expenditure (CHE),24.158,28.425,26.716,28.718
Portugal,Population (in thousands),10.296,10.298,10.352,10.467
Republic of Moldova,Current Health Expenditure (CHE) as % Gross Domestic Product (GDP),7,8,7,
Republic of Moldova,Current Health Expenditure (CHE) per Capita in US$,307,410,398,
Republic of Moldova,Current Health Expenditure (CHE),808,1.061,1.012,
Republic of Moldova,Expenditure on COVID-19 per Capita in US$,4,8,2,
Republic of Moldova,Population (in thousands),2.634,2.587,2.541,
Romania,Current Health Expenditure (CHE) as % Gross Domestic Product (GDP),6,6,6,
Romania,Current Health Expenditure (CHE) per Capita in US$,810,963,902,
Romania,Current Health Expenditure (CHE),15.648,18.491,17.181,
Romania,Rest of the World (RoW) as % of Current Health Expenditure (CHE),0,0,0,
Romania,Expenditure on COVID-19 per Capita in US$,,18,11,
Romania,Population (in thousands),19.329,19.202,19.042,
Russian Federation,Current Health Expenditure (CHE) as % Gross Domestic Product (GDP),8,7,7,
Russian Federation,Current Health Expenditure (CHE) per Capita in US$,815,882,1.078,
Russian Federation,Current Health Expenditure (CHE),119.284,128.592,156.969,
Russian Federation,Rest of the World (RoW) as % of Current Health Expenditure (CHE),0,0,0,
Russian Federation,Population (in thousands),146.371,145.836,145.580,
San Marino,Current Health Expenditure (CHE) as % Gross Domestic Product (GDP),8,8,7,
San Marino,Current Health Expenditure (CHE) per Capita in US$,3.759,4.033,3.875,
San Marino,Current Health Expenditure (CHE),131,139,132,
San Marino,Population (in thousands),35,35,34,
Serbia,Current Health Expenditure (CHE) as % Gross Domestic Product (GDP),9,10,10,
Serbia,Current Health Expenditure (CHE) per Capita in US$,670,919,903,
Serbia,Current Health Expenditure (CHE),4.642,6.316,6.139,
Serbia,Population (in thousands),6.927,6.872,6.797,
Slovakia,Current Health Expenditure (CHE) as % Gross Domestic Product (GDP),7,8,8,
Slovakia,Current Health Expenditure (CHE) per Capita in US$,1.394,1.685,1.642,
Slovakia,Current Health Expenditure (CHE),7.606,9.197,8.926,
Slovakia,Population (in thousands),5.458,5.460,5.435,
Slovenia,Current Health Expenditure (CHE) as % Gross Domestic Product (GDP),9,9,10,9
Slovenia,Current Health Expenditure (CHE) per Capita in US$,2.417,2.780,2.738,3.033
Slovenia,Current Health Expenditure (CHE),5.066,5.862,5.769,6.421
Slovenia,Rest of the World (RoW) as % of Current Health Expenditure (CHE),,0,0,
Slovenia,Population (in thousands),2.096,2.109,2.107,2.117
Spain,Current Health Expenditure (CHE) as % Gross Domestic Product (GDP),11,10,10,
Spain,Current Health Expenditure (CHE) per Capita in US$,2.898,3.144,2.911,
Spain,Current Health Expenditure (CHE),137.170,149.027,138.069,
Spain,Expenditure on COVID-19 per Capita in US$,191,203,,
Spain,Population (in thousands),47.333,47.399,47.433,
Sweden,Current Health Expenditure (CHE) as % Gross Domestic Product (GDP),11,11,10,11
Sweden,Current Health Expenditure (CHE) per Capita in US$,6.003,6.842,5.943,6.152
Sweden,Current Health Expenditure (CHE),61.997,71.020,62.122,64.731
Sweden,Rest of the World (RoW) as % of Current Health Expenditure (CHE),0,0,0,0
Sweden,Population (in thousands),10.328,10.379,10.452,10.522
Switzerland,Current Health Expenditure (CHE) as % Gross Domestic Product (GDP),12,12,12,
Switzerland,Current Health Expenditure (CHE) per Capita in US$,10.348,11.262,10.963,
Switzerland,Current Health Expenditure (CHE),89.058,97.647,95.809,
Switzerland,Rest of the World (RoW) as % of Current Health Expenditure (CHE),0,0,0,
Switzerland,Population (in thousands),8.606,8.670,8.739,
Tajikistan,Current Health Expenditure (CHE) as % Gross Domestic Product (GDP),9,8,8,
Tajikistan,Current Health Expenditure (CHE) per Capita in US$,74,75,79,
Tajikistan,Current Health Expenditure (CHE),723,749,800,
Tajikistan,Population (in thousands),9.749,9.967,10.182,
Türkiye,Current Health Expenditure (CHE) as % Gross Domestic Product (GDP),5,5,4,
Türkiye,Current Health Expenditure (CHE) per Capita in US$,386,431,386,
Türkiye,Current Health Expenditure (CHE),33.254,37.391,33.594,
Türkiye,Population (in thousands),86.092,86.686,87.058,
Turkmenistan,Current Health Expenditure (CHE) as % Gross Domestic Product (GDP),6,5,5,
Turkmenistan,Current Health Expenditure (CHE) per Capita in US$,420,472,579,
Turkmenistan,Current Health Expenditure (CHE),2.919,3.346,4.187,
Turkmenistan,Population (in thousands),6.950,7.092,7.230,
Ukraine,Current Health Expenditure (CHE) as % Gross Domestic Product (GDP),8,8,,
Ukraine,Current Health Expenditure (CHE) per Capita in US$,265,370,,
Ukraine,Current Health Expenditure (CHE),11.844,16.386,,
Ukraine,Expenditure on COVID-19 per Capita in US$,21,,,
Ukraine,Population (in thousands),44.680,44.299,41.049,
United Kingdom of Great Britain and Northern Ireland,Current Health Expenditure (CHE) as % Gross Domestic Product (GDP),12,12,11,11
United Kingdom of Great Britain and Northern Ireland,Current Health Expenditure (CHE) per Capita in US$,4.816,5.612,5.036,5.367
United Kingdom of Great Britain and Northern Ireland,Current Health Expenditure (CHE),322.805,377.579,341.370,363.533
United Kingdom of Great Britain and Northern Ireland,Rest of the World (RoW) as % of Current Health Expenditure (CHE),0,0,0,0
United Kingdom of Great Britain and Northern Ireland,Population (in thousands),67.026,67.280,67.791,68.122
Uzbekistan,Current Health Expenditure (CHE) as % Gross Domestic Product (GDP),7,8,7,
Uzbekistan,Current Health Expenditure (CHE) per Capita in US$,120,156,169,
Uzbekistan,Current Health Expenditure (CHE),4.040,5.357,5.920,
Uzbekistan,Population (in thousands),33.586,34.244,34.939,
Bangladesh,Current Health Expenditure (CHE) as % Gross Domestic Product (GDP),2,2,2,
Bangladesh,Current Health Expenditure (CHE) per Capita in US$,51,59,61,
Bangladesh,Current Health Expenditure (CHE),8.482,9.815,10.348,
Bangladesh,Rest of the World (RoW) as % of Current Health Expenditure (CHE),5,4,3,
Bangladesh,Population (in thousands),166.298,167.659,169.385,
Bhutan,Current Health Expenditure (CHE) as % Gross Domestic Product (GDP),4,3,4,
Bhutan,Current Health Expenditure (CHE) per Capita in US$,134,104,154,
Bhutan,Current Health Expenditure (CHE),103,80,121,
Bhutan,Rest of the World (RoW) as % of Current Health Expenditure (CHE),3,,,
Bhutan,Population (in thousands),770,775,781,
India,Current Health Expenditure (CHE) as % Gross Domestic Product (GDP),3,3,3,
India,Current Health Expenditure (CHE) per Capita in US$,64,76,80,
India,Current Health Expenditure (CHE),89.530,106.843,113.343,
India,Population (in thousands),1.402.618,1.414.204,1.425.423,
Indonesia,Current Health Expenditure (CHE) as % Gross Domestic Product (GDP),3,4,3,
Indonesia,Current Health Expenditure (CHE) per Capita in US$,132,159,127,
Indonesia,Current Health Expenditure (CHE),36.227,43.976,35.535,
Indonesia,Population (in thousands),274.815,276.758,278.831,
Maldives,Current Health Expenditure (CHE) as % Gross Domestic Product (GDP),11,10,10,
Maldives,Current Health Expenditure (CHE) per Capita in US$,846,1.057,1.151,
Maldives,Current Health Expenditure (CHE),425,546,603,
Maldives,Population (in thousands),502,516,524,
Myanmar,Current Health Expenditure (CHE) as % Gross Domestic Product (GDP),4,6,5,
Myanmar,Current Health Expenditure (CHE) per Capita in US$,66,71,58,
Myanmar,Current Health Expenditure (CHE),3.500,3.798,3.116,
Myanmar,Population (in thousands),53.017,53.387,53.757,
Nepal,Current Health Expenditure (CHE) as % Gross Domestic Product (GDP),5,5,7,
Nepal,Current Health Expenditure (CHE) per Capita in US$,59,67,88,
Nepal,Current Health Expenditure (CHE),1.711,1.961,2.623,
Nepal,Expenditure on COVID-19 per Capita in US$,1,5,,
Nepal,Population (in thousands),28.967,29.475,29.715,
Sri Lanka,Current Health Expenditure (CHE) as % Gross Domestic Product (GDP),4,4,4,
Sri Lanka,Current Health Expenditure (CHE) per Capita in US$,152,157,146,
Sri Lanka,Current Health Expenditure (CHE),3.429,3.567,3.324,
Sri Lanka,Population (in thousands),22.562,22.700,22.835,
Thailand,Current Health Expenditure (CHE) as % Gross Domestic Product (GDP),4,5,6,
Thailand,Current Health Expenditure (CHE) per Capita in US$,304,364,386,
Thailand,Current Health Expenditure (CHE),21.806,26.089,27.658,
Thailand,Rest of the World (RoW) as % of Current Health Expenditure (CHE),0,0,,
Thailand,Expenditure on COVID-19 per Capita in US$,5,52,,
Thailand,Population (in thousands),71.641,71.727,71.735,
Timor-Leste,Current Health Expenditure (CHE) as % Gross Domestic Product (GDP),10,11,14,
Timor-Leste,Current Health Expenditure (CHE) per Capita in US$,118,132,175,
Timor-Leste,Current Health Expenditure (CHE),157,178,240,
Timor-Leste,Population (in thousands),1.326,1.350,1.369,
Australia,Current Health Expenditure (CHE) as % Gross Domestic Product (GDP),11,10,10,
Australia,Current Health Expenditure (CHE) per Capita in US$,5.953,7.040,6.731,
Australia,Current Health Expenditure (CHE),153.250,182.722,176.359,
Australia,Rest of the World (RoW) as % of Current Health Expenditure (CHE),0,0,0,
Australia,Expenditure on COVID-19 per Capita in US$,355,707,,
Australia,Population (in thousands),25.744,25.956,26.201,
Brunei Darussalam,Current Health Expenditure (CHE) as % Gross Domestic Product (GDP),2,2,2,
Brunei Darussalam,Current Health Expenditure (CHE) per Capita in US$,658,666,666,
Brunei Darussalam,Current Health Expenditure (CHE),294,301,303,
Brunei Darussalam,Rest of the World (RoW) as % of Current Health Expenditure (CHE),0,0,0,
Brunei Darussalam,Population (in thousands),447,452,455,
Cambodia,Current Health Expenditure (CHE) as % Gross Domestic Product (GDP),5,6,5,
Cambodia,Current Health Expenditure (CHE) per Capita in US$,110,120,110,
Cambodia,Current Health Expenditure (CHE),1.840,2.031,1.884,
Cambodia,Population (in thousands),16.725,16.974,17.202,
China,Current Health Expenditure (CHE) as % Gross Domestic Product (GDP),6,5,5,
China,Current Health Expenditure (CHE) per Capita in US$,583,670,672,
China,Current Health Expenditure (CHE),831.350,956.082,958.364,
China,Rest of the World (RoW) as % of Current Health Expenditure (CHE),0,0,0,
China,Population (in thousands),1.426.106,1.426.437,1.425.180,
Cook Islands,Current Health Expenditure (CHE) as % Gross Domestic Product (GDP),6,7,6,
Cook Islands,Current Health Expenditure (CHE) per Capita in US$,1.057,1.163,1.130,
Cook Islands,Current Health Expenditure (CHE),17,18,17,
Cook Islands,Population (in thousands),16,15,15,
Fiji,Current Health Expenditure (CHE) as % Gross Domestic Product (GDP),5,7,6,
Fiji,Current Health Expenditure (CHE) per Capita in US$,256,332,352,
Fiji,Current Health Expenditure (CHE),234,304,324,
Fiji,Rest of the World (RoW) as % of Current Health Expenditure (CHE),2,4,6,
Fiji,Population (in thousands),915,917,919,
Japan,Current Health Expenditure (CHE) as % Gross Domestic Product (GDP),11,11,11,
Japan,Current Health Expenditure (CHE) per Capita in US$,4.487,4.483,3.889,
Japan,Current Health Expenditure (CHE),566.683,563.373,486.160,
Japan,Population (in thousands),126.305,125.679,124.998,
Kiribati,Current Health Expenditure (CHE) as % Gross Domestic Product (GDP),14,12,10,
Kiribati,Current Health Expenditure (CHE) per Capita in US$,239,263,218,
Kiribati,Current Health Expenditure (CHE),30,34,28,
Kiribati,Population (in thousands),126,128,130,
Lao People's Democratic Republic,Current Health Expenditure (CHE) as % Gross Domestic Product (GDP),2,3,2,
Lao People's Democratic Republic,Current Health Expenditure (CHE) per Capita in US$,52,69,42,
Lao People's Democratic Republic,Current Health Expenditure (CHE),382,511,315,
Lao People's Democratic Republic,Population (in thousands),7.347,7.453,7.559,
Malaysia,Current Health Expenditure (CHE) as % Gross Domestic Product (GDP),4,4,4,
Malaysia,Current Health Expenditure (CHE) per Capita in US$,407,477,458,
Malaysia,Current Health Expenditure (CHE),13.777,16.351,15.898,
Malaysia,Population (in thousands),33.890,34.282,34.695,
Marshall Islands,Current Health Expenditure (CHE) as % Gross Domestic Product (GDP),12,13,12,
Marshall Islands,Current Health Expenditure (CHE) per Capita in US$,687,782,758,
Marshall Islands,Current Health Expenditure (CHE),29,32,30,
Marshall Islands,Population (in thousands),43,41,40,
Micronesia (Federated States of),Current Health Expenditure (CHE) as % Gross Domestic Product (GDP),12,11,10,
Micronesia (Federated States of),Current Health Expenditure (CHE) per Capita in US$,403,399,397,
Micronesia (Federated States of),Current Health Expenditure (CHE),45,45,44,
Micronesia (Federated States of),Population (in thousands),111,112,112,
Mongolia,Current Health Expenditure (CHE) as % Gross Domestic Product (GDP),5,7,9,
Mongolia,Current Health Expenditure (CHE) per Capita in US$,189,330,448,
Mongolia,Current Health Expenditure (CHE),621,1.102,1.518,
Mongolia,Population (in thousands),3.291,3.340,3.386,
Nauru,Current Health Expenditure (CHE) as % Gross Domestic Product (GDP),12,12,18,
Nauru,Current Health Expenditure (CHE) per Capita in US$,1.271,1.809,2.264,
Nauru,Current Health Expenditure (CHE),15,21,27,
Nauru,Population (in thousands),12,12,12,
New Zealand,Current Health Expenditure (CHE) as % Gross Domestic Product (GDP),10,10,10,
New Zealand,Current Health Expenditure (CHE) per Capita in US$,4.215,4.967,4.804,
New Zealand,Current Health Expenditure (CHE),21.367,25.372,24.655,
New Zealand,Rest of the World (RoW) as % of Current Health Expenditure (CHE),0,0,0,
New Zealand,Population (in thousands),5.070,5.108,5.132,
Niue,Current Health Expenditure (CHE) as % Gross Domestic Product (GDP),9,15,18,
Niue,Current Health Expenditure (CHE) per Capita in US$,1.451,2.239,2.288,
Niue,Current Health Expenditure (CHE),3,4,4,
Niue,Population (in thousands),2,2,2,
Palau,Current Health Expenditure (CHE) as % Gross Domestic Product (GDP),13,15,14,
Palau,Current Health Expenditure (CHE) per Capita in US$,1.934,1.917,1.979,
Palau,Current Health Expenditure (CHE),34,34,35,
Palau,Rest of the World (RoW) as % of Current Health Expenditure (CHE),0,0,,
Palau,Population (in thousands),18,18,18,
Papua New Guinea,Current Health Expenditure (CHE) as % Gross Domestic Product (GDP),2,2,3,
Papua New Guinea,Current Health Expenditure (CHE) per Capita in US$,56,61,81,
Papua New Guinea,Current Health Expenditure (CHE),549,611,828,
Papua New Guinea,Rest of the World (RoW) as % of Current Health Expenditure (CHE),0,0,0,
Papua New Guinea,Population (in thousands),9.816,10.013,10.203,
Philippines,Current Health Expenditure (CHE) as % Gross Domestic Product (GDP),5,6,5,5
Philippines,Current Health Expenditure (CHE) per Capita in US$,167,208,183,194
Philippines,Current Health Expenditure (CHE),18.674,23.547,20.848,22.295
Philippines,Rest of the World (RoW) as % of Current Health Expenditure (CHE),0,0,0,0
Philippines,Expenditure on COVID-19 per Capita in US$,4,50,18,2
Philippines,Population (in thousands),112.081,113.101,113.964,114.891
Republic of Korea,Current Health Expenditure (CHE) as % Gross Domestic Product (GDP),8,9,9,10
Republic of Korea,Current Health Expenditure (CHE) per Capita in US$,2.649,3.142,3.050,3.270
Republic of Korea,Current Health Expenditure (CHE),137.390,162.883,157.920,169.203
Republic of Korea,Rest of the World (RoW) as % of Current Health Expenditure (CHE),0,0,0,
Republic of Korea,Expenditure on COVID-19 per Capita in US$,42,224,238,50
Republic of Korea,Population (in thousands),51.858,51.848,51.783,51.749
Samoa,Current Health Expenditure (CHE) as % Gross Domestic Product (GDP),6,7,6,
Samoa,Current Health Expenditure (CHE) per Capita in US$,257,270,236,
Samoa,Current Health Expenditure (CHE),54,58,51,
Samoa,Population (in thousands),212,214,215,
Singapore,Current Health Expenditure (CHE) as % Gross Domestic Product (GDP),6,5,5,
Singapore,Current Health Expenditure (CHE) per Capita in US$,3.492,4.044,4.321,
Singapore,Current Health Expenditure (CHE),19.628,22.430,24.410,
Singapore,Population (in thousands),5.620,5.546,5.650,
Solomon Islands,Current Health Expenditure (CHE) as % Gross Domestic Product (GDP),5,5,5,
Solomon Islands,Current Health Expenditure (CHE) per Capita in US$,101,99,97,
Solomon Islands,Current Health Expenditure (CHE),75,75,76,
Solomon Islands,Population (in thousands),744,763,781,
Tonga,Current Health Expenditure (CHE) as % Gross Domestic Product (GDP),6,8,8,
Tonga,Current Health Expenditure (CHE) per Capita in US$,256,342,378,
Tonga,Current Health Expenditure (CHE),27,36,40,
Tonga,Population (in thousands),106,105,105,
Tuvalu,Current Health Expenditure (CHE) as % Gross Domestic Product (GDP),19,20,18,
Tuvalu,Current Health Expenditure (CHE) per Capita in US$,923,1.152,1.085,
Tuvalu,Current Health Expenditure (CHE),10,12,11,
Tuvalu,Population (in thousands),10,10,10,
Vanuatu,Current Health Expenditure (CHE) as % Gross Domestic Product (GDP),4,5,4,
Vanuatu,Current Health Expenditure (CHE) per Capita in US$,125,141,135,
Vanuatu,Current Health Expenditure (CHE),37,43,42,
Vanuatu,Population (in thousands),299,306,313,
Viet Nam,Current Health Expenditure (CHE) as % Gross Domestic Product (GDP),4,5,5,
Viet Nam,Current Health Expenditure (CHE) per Capita in US$,153,168,189,
Viet Nam,Current Health Expenditure (CHE),15.016,16.629,18.829,
Viet Nam,Population (in thousands),98.079,98.935,99.681,
