Country Name,"2024_Adult literacy rate, population 15+ years, both sexes (%)",2024_Barro-Lee: Percentage of population age 15+ with no education,"2024_Completion rate, lower secondary education, both sexes (%)","2024_Government expenditure on education, US$ (millions)","2023_Adult literacy rate, population 15+ years, both sexes (%)",2023_Barro-Lee: Percentage of population age 15+ with no education,"2023_Completion rate, lower secondary education, both sexes (%)","2023_Government expenditure on education, US$ (millions)","2022_Adult literacy rate, population 15+ years, both sexes (%)",2022_Barro-Lee: Percentage of population age 15+ with no education,"2022_Completion rate, lower secondary education, both sexes (%)","2022_Government expenditure on education, US$ (millions)","2021_Adult literacy rate, population 15+ years, both sexes (%)",2021_Barro-Lee: Percentage of population age 15+ with no education,"2021_Completion rate, lower secondary education, both sexes (%)","2021_Government expenditure on education, US$ (millions)","2020_Adult literacy rate, population 15+ years, both sexes (%)",2020_Barro-Lee: Percentage of population age 15+ with no education,"2020_Completion rate, lower secondary education, both sexes (%)","2020_Government expenditure on education, US$ (millions)","2019_Adult literacy rate, population 15+ years, both sexes (%)",2019_Barro-Lee: Percentage of population age 15+ with no education,"2019_Completion rate, lower secondary education, both sexes (%)","2019_Government expenditure on education, US$ (millions)","2018_Adult literacy rate, population 15+ years, both sexes (%)",2018_Barro-Lee: Percentage of population age 15+ with no education,"2018_Completion rate, lower secondary education, both sexes (%)","2018_Government expenditure on education, US$ (millions)","2017_Adult literacy rate, population 15+ years, both sexes (%)",2017_Barro-Lee: Percentage of population age 15+ with no education,"2017_Completion rate, lower secondary education, both sexes (%)","2017_Government expenditure on education, US$ (millions)","2016_Adult literacy rate, population 15+ years, both sexes (%)",2016_Barro-Lee: Percentage of population age 15+ with no education,"2016_Completion rate, lower secondary education, both sexes (%)","2016_Government expenditure on education, US$ (millions)","2015_Adult literacy rate, population 15+ years, both sexes (%)",2015_Barro-Lee: Percentage of population age 15+ with no education,"2015_Completion rate, lower secondary education, both sexes (%)","2015_Government expenditure on education, US$ (millions)","2014_Adult literacy rate, population 15+ years, both sexes (%)",2014_Barro-Lee: Percentage of population age 15+ with no education,"2014_Completion rate, lower secondary education, both sexes (%)","2014_Government expenditure on education, US$ (millions)","2013_Adult literacy rate, population 15+ years, both sexes (%)",2013_Barro-Lee: Percentage of population age 15+ with no education,"2013_Completion rate, lower secondary education, both sexes (%)","2013_Government expenditure on education, US$ (millions)","2012_Adult literacy rate, population 15+ years, both sexes (%)",2012_Barro-Lee: Percentage of population age 15+ with no education,"2012_Completion rate, lower secondary education, both sexes (%)","2012_Government expenditure on education, US$ (millions)","2011_Adult literacy rate, population 15+ years, both sexes (%)",2011_Barro-Lee: Percentage of population age 15+ with no education,"2011_Completion rate, lower secondary education, both sexes (%)","2011_Government expenditure on education, US$ (millions)","2010_Adult literacy rate, population 15+ years, both sexes (%)",2010_Barro-Lee: Percentage of population age 15+ with no education,"2010_Completion rate, lower secondary education, both sexes (%)","2010_Government expenditure on education, US$ (millions)","2005_Adult literacy rate, population 15+ years, both sexes (%)",2005_Barro-Lee: Percentage of population age 15+ with no education,"2005_Completion rate, lower secondary education, both sexes (%)","2005_Government expenditure on education, US$ (millions)","2000_Adult literacy rate, population 15+ years, both sexes (%)",2000_Barro-Lee: Percentage of population age 15+ with no education,"2000_Completion rate, lower secondary education, both sexes (%)","2000_Government expenditure on education, US$ (millions)"
Afghanistan,,,,,,,,,,,,,,,,,,,,,,,,,43.01972,,,,,,,819.55782,,,,818.72146,,,36.95639,648.13575,,,,756.96205,,,,710.27469,,,,520.88233,31.44885,,23.377,616.38566,,58.38,,551.72194,,65.73,,,,67.85,,2858.12289
Albania,,,,,,,,,,,,,,,,,,,,,,,,,98.14115,,,,,,93.65541,470.23552,,,,469.95096,,,,391.47614,,,,,,,,452.18862,97.24697,,,,96.8453,,,,,3.28,,,,2.35,97.09,264.23271,,1.27,92.87,119.38226
Algeria,,,,,,,,,,,,,,,,,,,,,,,,,81.40784,,,,,,,,,,,,,,,,,,,,,,56.50295,,,,,,,,,,,21.12,,,,29.6,,,,28.17,,
American Samoa,,,,,,,,,,,,,,,,,,,,,,,,,,,,,,,,,,,,,,,,,,,,,,,,,,,,,,,,,,,,,,,,,,,,
Andorra,,,,,,,,,,,,,,,,,,,,,,,,99.4038,,,,104.48977,,,,96.51866,,,,93.76756,,,,91.51744,,,,100.58216,,,,80.03936,,,,,,,,108.40643,,,,102.69286,,,,51.97949,,,,
Angola,,,,,,,,,,,,,,,,,,,,,,,,,,,,,,,,,,,,,,,36.47758,,66.03011,,,,,,,,,,,,,,,,,,,2867.05001,,,,783.82404,,,,238.05698
Anguilla,,,,,,,,,,,,,,,,,,,,,,,,,,,,,,,,,,,,,,,,,,,,,,,,,,,,,,,,,,,,,,,,,,,,
Antigua and Barbuda,,,,,,,,,,,,,,,,,,,,,,,,,,,,,,,,,,,,,98.95,,,,,,,,,,,,,,,,98.95,,,,,,,,,,,,,,,
Argentina,,,,,,,,,,,,,,,,,,,,,,,,,99.00387,,,,,,,35105.55042,99.12501,,,30917.83822,99.17996,,,34353.38171,98.99389,,,28218.33751,99.12195,,,30011.42828,99.10523,,,29187.28552,99.10833,,,28048.96788,98.95497,0.93,74.09815,21264.88002,,0.86,,7671.26599,,3.48,,13017.42608
Armenia,,,,,,,,,,,,,,,,,,,,,,,,,,,,,99.73607,,,312.11636,,,96.96779,290.87508,,,,296.11674,,,,260.89353,,,,294.7388,,,,294.41827,99.74441,,99.28294,318.85246,,0.6,,300.86636,,0.5,,132.90199,,0.6,98.49,53.00245
Aruba,,,,,,,,,,,,,,,,,,,,,,,,,97.80742,,,,,,,,,,,163.84205,,,,174.46398,,,,163.30051,,,,175.75436,,,,165.99487,,,,156.02065,96.82264,,,165.64447,,,,109.10885,97.29125,,,88.32731
Australia,,,,,,,,,,,,,,,,,,,,,,,,,,,,,,,,68159.44641,,,,63788.17877,,,,71792.18446,,,,75792.11971,,,,82430.32112,,,,75282.20355,,,,70873.16659,,0.72,99.15,63611.38338,,0.91,,34048.41377,,1.08,,20310.49425
Austria,,,,,,,,,,,,,,,,,,,,,,,,,,,,,,,,22413.54147,,,,21675.65731,,,,20834.1936,,,98.7,24078.26105,,,99.23,23856.38317,,,,22438.1454,,,99.19,24109.4266,,1.29,,22339.75272,,1.33,98.66,16586.65802,,1.36,,10998.76083
Azerbaijan,,,,,,,,,,,,,,,,,,,,,,,,,,,,1156.82582,99.79123,,,1010.94115,99.79006,,,1099.44802,99.78806,,,1566.58764,99.78899,,,1981.21242,99.78936,,,1811.19299,99.77577,,,1440.80321,99.77863,,,1606.34279,99.77114,,,1471.02367,,,,394.0091,,,87.76,203.20638
Bahamas,,,,,,,,,,,,,,,,,,,,,,,,,,,,,,,,,,,,,,,,,,,,,,,,,,,,,,,,,,,,,,,,,,,,180.3344
Bahrain,,,,,,,,,,,,,,,,,,,,,,,,,97.46419,,,,97.40389,,,824.59461,97.06668,,,,,,,830.4628,,,,823.82807,,,,805.9654,,,,813.41474,,,,,90.9774,28.89,,,,27.79,,,,25.34,,
Bangladesh,,,,,,,,,,,,,,,,,,,,,74.68446,,64.75245,3634.64024,73.9122,,,,72.89297,,,,72.75872,,,3399.90854,65.13733,,,,61.0933,,54.93395,,61.01554,,54.4,2621.98744,57.86075,,,2798.52071,58.76918,,50.63494,2458.55646,,31.88,,,,38.65,,,,44.41,38.46,1089.53827
Barbados,,,,,,,,,,,,,,,,,,,,,,,,,,,,,,,,210.89612,,,,233.45786,,,,,99.6,,,287.33167,,,,237.36864,,,98.24562,245.11194,,,,,,0.22,,270.35912,,0.04,,195.29114,,0.01,,139.20373
Belarus,,,,,,,,,,,,,,,,,,,,,,,,,99.75656,,,,,,,2624.13606,,,,2360.62276,,,,2702.7836,,,,3797.49568,,,,3783.51288,,,99.93871,3257.74787,,,,2893.22513,,,,2987.03439,,,99.4,1773.49467,,,,789.25479
Belgium,,,,,,,,,,,,,,,,,,,,,,,,,,,,,,,,32304.33574,,,,30740.99927,,,,29815.92584,,,92.31,35237.80252,,,88.1,34587.69274,,,,,,,88.8,33616.48749,,4.67,,30985.73025,,4.65,89.76,22347.15126,,4.1,,
Belize,,,,,,,,,,,,,,,,,,,,,,,,,,,,138.87437,,,,133.30812,,,61.03541,125.57487,,,,114.54848,,,,104.47312,,,,97.85183,,,,,,,42.05,,,0.09,,88.52,,1.49,,,76.90298,3.39,,36.84493
Benin,,,,,,,,,,,,,,,,,,,,,,,,,42.3624,,18.57976,418.11984,,,,449.07832,,,,342.70414,,,,361.3441,,,27.6143,420.02932,,,,416.53221,32.94882,,,396.8569,,,30.07267,,,53.91,,350.89737,,59.05,,174.41244,,63.5,,74.21595
Bermuda,,,,,,,,,,,,,,,,,,,,,,,,,,,,,,,,,,,,,,,,96.31472,,,,99.371,,,,,,,,,,,,,,,,153.533,,,,96.816,,,,
Bhutan,,,,,,,,,,,,,,,,,,,,,,,,,,,,167.87057,66.56115,,,156.0018,,,,140.11828,,,,144.75006,,,,106.16149,,,,101.93822,55.31756,,,,,,,73.76536,,,38.78343,50.8998,52.81469,,,49.73654,,,,23.10474
"Bolivia, Plurinational State of",,,,,,,,,,,,,,,,,,,,,,,,,,,91.95,,,,91.0,,,,88.87,,92.45508,,89.3,,,,86.75,,,,88.19,,94.46057,,87.32,,92.22615,,85.48,,,9.82,,,,10.75,83.65,,,12.21,72.49,
Bosnia and Herzegovina,,,,,,,,,,,,,,,,,,,,,,,,,,,,,,,,,,,,,,,,,,,,,96.99177,,,,,,96.84455,,98.14204,,,,,,,,,,,,96.6631,,97.48,
Botswana,,,,,,,,,,,,,,,,,,,,,,,,,,,,,,,,,,,,,,,,,,,,,86.82318,,,,,,,,,,,,,9.83,,,,12.58,,956.53116,,15.59,,
Brazil,,,,,,,,,,,,,,,,,,,,,,,,,93.2275,,85.69,,93.07582,,84.37,130423.56723,92.80844,,83.75,113381.15429,92.0479,,87.38,112477.25841,91.72943,,86.84,146094.24431,91.48424,,85.01,144383.41775,91.33785,,84.53,144339.2393,91.41124,,82.95,150102.16643,90.37918,9.6,,124774.78854,,12.38,76.04,39936.85384,86.36788,16.03,,25882.07697
Brunei Darussalam,,,,,,,,,,,,,,,,,,,,,,,,,97.21411,,,,,,,,,,,572.22235,,,,,,,,606.72068,,,,,,,,535.30487,96.08556,,,455.3722,,21.11,,219.65015,,21.5,,,,21.28,,222.39759
Bulgaria,,,,,,,,,,,,,,,,,,,,,,,,,,,,,,,,2412.53529,,,,,,,,,,,92.53,,,,95.12,2264.90364,,,,1887.69974,98.35245,,92.44,2045.83434,,2.37,,1955.2985,,2.02,,1227.26955,,1.35,,
Burkina Faso,,,,,,,,,,,,,,,,,,,,,,,,,41.22445,,,872.1434,,,,794.00617,,,,,,,,434.25034,34.5994,,,565.15282,,,,548.9901,,,,452.59342,,,,481.41808,,,9.02003,354.06229,23.5222,,,242.13984,,,,
Burundi,,,,,,,,,,,,,,,,,,,,,,,,,,,,154.23509,68.37533,,27.23233,151.06518,,,,138.86637,,,,197.76661,61.51349,,,183.57435,,,,146.98365,,,,143.91526,,,,141.28718,,50.43,11.93795,137.6823,,54.52,4.23,40.57528,59.30362,58.4,5.95122,23.02851
Cabo Verde,,,,,,,,,,,,,,,,,,,,,,,,,,,,,,,,91.70597,,,,87.95259,86.79029,,,84.10203,,,,92.32285,,,,92.55018,85.32779,,,,,,,94.10958,,,,92.65705,,,,,76.11044,,,
Cambodia,,,,,,,,,,,,,,,,,,,,,,,,,,,,531.45181,,,,,,,,,80.52649,,,,78.05509,,40.52178,318.91854,,,,312.25574,,,,219.37612,,,,193.81508,,22.22,36.68105,172.43255,,27.4,26.76247,,,32.77,17.39,60.90575
Cameroon,,,,,,,,,,,,,,,,,,,,,,,,,77.07104,,,1211.59104,,,,1104.4805,,,,866.43967,,,,856.12142,,,43.24527,940.21293,,,,895.65764,,,,784.95502,,,34.37999,812.75076,71.29051,20.73,,783.42069,,22.29,36.6066,518.07709,68.40916,23.71,22.44,179.48561
Canada,,,,,,,,,,,,,,,,,,,,,,,,,,,,,,,,,,,,,,,,,,,,,,,,,,,,,,,,85101.28831,,0.67,99.51,73629.97376,,0.78,,48930.77479,,0.86,,36792.48906
Cayman Islands,,,,,,,,,,,,,,,,,,,,,,,,,,,,,,,,,,,,,,,,,,,,,,,,,,,,,,,,,,,,,,,,,,,,
Central African Republic,,,,,,,,,,,,,,,,,,,,,,,,,37.39582,,,,,,,,,,,,,,,,,,,,,,,,,,,,,,,27.01101,36.75261,51.59,11.02187,23.94582,,53.14,,22.09612,50.64517,55.78,7.98,14.74768
Chad,,,,,,,,,,,,,,,,,,,,,,,,,,,,,,,,245.4919,22.31155,,,,26.00299,,,,,,13.89845,,,,,369.26819,,,,272.84319,,,,274.83813,,,11.54,211.43535,,,,112.64567,25.65421,,10.1,36.65852
Chile,,,,,,,,,,,,,,,,,,,,,,,,,,,,,96.40228,,95.9,15014.3391,,,,13378.53622,96.87413,,95.05,11891.8011,,,,12326.10519,96.26706,,94.49,12609.22623,,,,,96.70301,,94.24,10204.06313,96.8186,2.57,,9095.72225,,3.39,,4012.13511,,4.17,90.29,2939.89962
China,,,,,,,,,,,,,,,,,,,,,,,,,96.84089,,,,,,,,,,,,,,,,,,82.56,,,,,,,,84.78,,,,,,95.12448,5.35,84.94,,,7.68,,,90.92021,10.97,,
Colombia,,,,,,,,,,,,,,,,,,,,,,,,,95.09251,,76.62,14868.81118,,,75.99,14145.52378,94.65385,,76.66,12662.67406,94.24505,,76.10451,13119.77301,94.18625,,74.57,17643.45097,,,74.0,18641.73233,,,72.62,16210.70636,93.58053,,72.49,14958.8705,93.37233,6.28,72.60894,13851.96756,92.84866,7.4,62.39503,5855.33044,,9.55,57.46,3507.22925
Comoros,,,,,,,,,,,,,,,,,,,,,,,,,58.81702,,,,,,,,,,,,,,,24.58601,,,,31.55311,,,,26.59693,49.19614,,45.32495,27.91372,,,,28.95798,,,,,,,,,68.48923,,17.8,
Congo,,,,,,,,,,,,,,,,,,,,,,,,,80.29876,,,409.48305,,,,493.77754,,,,,,,50.56275,390.30682,,,,570.29428,,,,,,,34.544,,79.31117,,,,,27.48,,747.71415,76.11479,29.01,21.69807,111.74325,,31.81,,
"Congo, The Democratic Republic of the",,,,,,,,,,,,,,,,,,,,,,,,,,,,,,,,553.16041,77.04268,,,786.77106,,,,779.38403,,,,700.741,,,53.46335,673.92361,75.01719,,,,,,,,,44.34,34.38906,328.87264,,44.78,,,,45.76,,
Cook Islands,,,,,,,,,,,,,,,,,,,,,,,,,,,,,,,,,,,,,,,,,,,,,,,,,,,,,,,,,,,,,,,,,,,,
Costa Rica,,,,,,,,,,,,,,,,,,,,,,,,4354.29851,97.86379,,73.47,4225.79785,,,68.2,4278.36679,,,68.95,4056.89203,,,68.2,3879.53311,,,66.57,3474.44901,,,64.56,3407.20902,,,63.19,3108.9786,97.40658,,64.28467,2728.20579,,4.67,61.49,2472.56763,,4.04,50.82,,94.86819,5.49,44.5,700.67822
Croatia,,,,,,,,,,,,,,,,,,,,,,,,,,,,,,,,2166.94139,,,,,,,,,,,98.58,,,,99.4,2650.22644,,,,,99.12536,,98.07,2587.77017,,1.8,,2537.07766,,3.19,,,,4.73,,
Cuba,,,,,,,,,,,,,,,,,,,,,,,,,,,,,,,,,,,,,,,,,,,97.50024,,,,,,99.75253,,,,,,,,,7.67,97.83,8257.987,,9.37,,4502.243,,12.06,,2355.005
Curaçao,,,,,,,,,,,,,,,,,,,,,,,,,,,,,,,,,,,,,,,,,,,,,,,,155.20726,,,,,,,,,,,,,,,,,,,,
Cyprus,,,,,,,,,,,,,,,,,,,,,,,,,,,,,,,,1307.87644,,,,1287.67484,,,,1255.25574,,,99.29,1491.41756,,,98.57,1549.6799,,,,,98.67843,,98.3,1802.3789,,0.74,,1683.6219,,11.63,97.09,1158.8477,,8.56,,498.24773
Czechia,,,,,,,,,,,,,,,,,,,,,,,,,,,,,,,,8321.36064,99.83303,,,10900.42841,,,,10815.31409,,,99.33,8301.56103,,,99.37,8566.41553,,,,8815.27897,,,99.37,9738.26147,,0.15,,8432.84594,,0.27,99.51,5301.83993,,0.45,,2250.75462
Côte d'Ivoire,,,,,,,,,,,,,,,,,,,,,,,,,47.16535,,,1879.53447,,,,1962.14405,,,28.28069,1905.29421,,,,1600.83623,43.90842,,,1618.74143,,,,1478.90484,40.98163,,24.13494,1246.79166,,,,1051.55267,,39.61,,1134.21228,,44.3,,701.46422,48.74076,49.19,17.62,396.92332
Denmark,,,,,,,,,,,,,,,,,,,,,,,,,,,,,,,,25747.50007,,,,,,,,,,,99.0,26950.54759,,,100.0,29185.54367,,,,23678.45649,,,99.75,29188.17499,,2.64,,27561.35556,,2.12,100.0,21383.69225,,1.17,,13271.14597
Djibouti,,,,,,,,,,,,,,,,,,,,,,,,,,,,109.29725,,,,103.14012,,,,102.17368,,,,87.25321,,,,,,,,,,,,,,,,,,,,50.67712,,,,59.28349,,,,53.24891
Dominica,,,,,,,,,,,,,,,,,,,,,,,,30.70371,,,,,,,,,,,,,,,,17.73169,,,,,,,,,,,,,,,,,,,,,,,,,,,,
Dominican Republic,,,,,,,,,,,,,,,,,,,,,,,,,,,86.31,,,,87.57,,93.77846,,86.6,,91.99121,,82.47,,91.76376,,82.81433,,90.85815,,82.29018,,90.15518,,83.12,,90.10638,,80.31,,89.53873,8.4,79.17,,,4.95,71.86,,,0.13,64.35,458.95015
Ecuador,,,,,,,,,,,,,,,,,,,,,,,,,,,91.46,,92.82979,,90.77,,94.35023,,90.34,,94.45566,,88.73,4963.22364,94.22264,,86.98,5351.81152,93.29463,,85.77,4760.89849,92.06473,,83.47,4082.3976,91.5869,,81.83,3747.32378,91.85404,8.52,78.98,3135.16073,,13.08,67.58,,,18.62,57.15,210.93929
Egypt,,,,,,,,,,,,,,,,,,,,,,,,,,,,,71.16825,,,,,,,,,,,,,,80.24802,,72.4425,,,,73.86559,,,,,,,,72.04785,31.12,,,67.33187,34.81,69.73898,4299.91839,,39.01,66.83,
El Salvador,,,,,,,,,,,,,,,,,,,,,,,,,89.0086,,75.07,938.24687,88.48271,,73.43,930.5333,88.14177,,74.11,925.38113,87.96985,,72.58,916.40619,,,72.5,864.01039,86.76758,,71.03,835.98439,,,67.55,793.94838,85.49399,,,790.77215,84.49272,3.72,65.22,746.78714,,16.32,59.94,467.08094,,20.38,53.75,334.53596
Equatorial Guinea,,,,,,,,,,,,,,,,,,,,,,,,,,,,,,,,,,,,,,,,,,,,,,,,,,,,,,,,,94.37054,,,,,,,,88.3083,,17.58,
Eritrea,,,,,,,,,,,,,,,,,,,,,,,,,76.57052,,,,,,,,,,,,,,,,,,,,,,,,,,,,,,,,,,,,,,,,,,,
Estonia,,,,,,,,,,,,,,,,,,,,,,,,,,,,,,,,1335.80567,,,,1240.74603,,,,1177.07032,,,97.74,1436.95347,,,97.34,1216.23028,,,,1086.04182,99.88579,,96.27,1162.53964,,0.2,,1077.90663,,0.2,97.08,678.57493,99.7672,0.23,,303.63245
Eswatini,,,,,,,,,,,,,,,,,,,,,,,,,88.41938,,,,,,,,,,,,,,,,,,50.53206,325.07247,,,,,,,,,,,,304.69226,83.09829,32.94,47.35867,219.06328,,52.27,,179.62935,81.6607,39.49,,85.2649
Ethiopia,,,,,,,,,,,,,,,,,,,,,,,,,,,,,51.77118,,,,,,21.39927,,,,,2634.86215,,,,2192.78161,,,,1948.35371,,,,1778.7388,,,16.44158,1642.09588,,,,1458.57503,29.82034,,9.40022,,,,6.56303,306.73288
Faroe Islands,,,,,,,,,,,,,,,,,,,,,,,,,,,,,,,,,,,,,,,,,,,,,,,,,,,,,,,,,,,,,,,,,,,,
Fiji,,,,,,,,,,,,,,,,,,,,,,,,,,,,,99.08211,,,,,,,,,,,,,,,,,,,162.6986,,,,,,,,157.51339,,2.44,,,,3.1,,154.00343,,4.11,,98.64249
Finland,,,,,,,,,,,,,,,,,,,,,,,,,,,,,,,,16267.1525,,,,16485.31958,,,,16486.01404,,,100.0,19495.82163,,,100.0,19326.45894,,,,18463.72625,,,100.0,17739.59582,,0.0,,16207.87177,,0.31,100.0,12339.88463,,0.44,,7176.96363
France,,,,,,,,,,,,,,,,,,,,,,,,,,,,,,,,141477.13591,,,,,,,,,,,,,,,,,,,,,,,,,,1.48,,,,1.47,,,,2.7,,
French Polynesia,,,,,,,,,,,,,,,,,,,,,,,,,,,,,,,,,,,,,,,,,,,,,,,,,,,,,,,,,,,,,,,,,,,,
Gabon,,,,,,,,,,,,,,,,,,,,,,,,,84.66716,,,,,,,,,,,,,,,,,,,485.4389,,,,533.09995,82.2838,,32.4917,517.41494,,,,544.02574,,14.68,,442.40113,,17.76,,,,22.15,22.9,193.95168
Gambia,,,,,,,,,,,,,,,,,,,,,,,,,,,45.78795,39.32018,,,,,,,,29.75921,50.77797,,,29.2638,,,,27.42857,41.95005,,48.29411,25.014,,,,37.32184,,,,35.25892,,61.76,39.2474,39.55799,,66.94,,7.1105,36.81773,73.25,33.82,11.47654
Georgia,,,,,,,,,,,,,,,,,,,,,,,,,,,,619.69516,99.36426,,,580.59135,,,,544.17531,,,,,99.58619,,,,,,98.65,,,,,314.28529,,,,389.1895,,,,,,,95.42,159.26518,,,,66.68505
Germany,,,,,,,,,,,,,,,,,,,,,,,,,,,,,,,,179812.03067,,,,167800.23951,,,,162481.93649,,,92.35,191850.84269,,,93.36,185185.49513,,,,174835.77374,,,96.2,180662.75967,,1.8,,167904.93892,,4.63,95.56,,,5.12,,
Ghana,,,,,,,,,,,,,,,,,,,,,,,,,79.03964,,47.38561,2615.33564,,,,2134.54004,,,,2468.19258,,,,2190.70981,,,50.06646,2410.32828,,,,2875.07738,,,,3268.30631,,,45.19,3202.43983,71.49707,30.41,51.88343,1783.92052,,31.3,,796.51004,57.89747,35.05,,
Gibraltar,,,,,,,,,,,,,,,,,,,,,,,,,,,,,,,,,,,,,,,,,,,,,,,,,,,,,,,,,,,,,,,,,,,,
Greece,,,,,,,,,,,,,,,,,,,,,,,,,97.93595,,,,,,,,,,,,,,,,,,99.24,,,,98.6,,,,,,97.36874,,98.79,,,2.51,,,93.04431,2.93,94.86,9822.01221,,10.93,,4203.57262
Greenland,,,,,,,,,,,,,,,,,,,,,,,,,,,,,,,,,,,,,,,,,,,,,,,,,,,,,,,,,,,,,,,,,,,,
Grenada,,,,,,,,,,,,,,,,,,,,,,,,,,,,,,,,35.72697,,,,,,,,,98.6,,,,,,,,,,,,,,,,,,,,,,,,,,,
Guam,,,,,,,,,,,,,,,,,,,,,,,,,,,,,,,,,,,,,,,,,,,,,,,,,,,,,,,,,,,,,,,,,,,,
Guatemala,,,,,,,,,,,,,,,,,,,,,,,,2464.0881,,,,2296.59094,,,,2113.8673,,,,1945.10991,,,48.1819,1884.4448,81.2859,,48.75,1727.25469,77.03867,,,1530.58874,78.26486,,,1490.42135,,,42.94,1391.58606,,23.4,,1158.73027,,32.4,,,,33.6,28.63,
Guinea,,,,,,,,,,,,,,,,,,,,,,,,,,,26.3048,282.70905,,,,239.5675,,,32.95136,218.93064,,,,221.36206,32.00384,,,212.68546,,,,220.65795,,,24.53844,140.05925,,,,155.2047,25.30774,,,174.84467,,,14.61305,54.30818,,,,77.6818
Guinea-Bissau,,,,,,,,,,,,,,,,,,,,,,,,,,,,,,,,,,,,,,,,,45.58116,,17.07577,,,,,22.30133,,,,19.797,,,,20.40635,,,,15.7993,,,,,41.35777,,7.08,
Guyana,,,,,,,,,,,,,,,,,,,,,,,,,,,,213.07762,,,,221.49193,,,,212.37888,,,,166.7296,85.63973,,84.05479,179.97948,,,,,,,,91.06692,,,,92.53172,,4.79,,82.71232,,5.94,,67.14303,,6.3,77.8,60.46378
Haiti,,,,,,,,,,,,,,,,,,,,,,,,,,,,268.55819,,,34.50921,226.16892,61.69135,,,195.248,,,,275.45724,,,,265.41469,,,,,,,31.59216,,,,,,,25.74,,,,30.53,27.60004,,,36.04,23.1,
Honduras,,,,,,,,,,,,,,,,,,,,,,,,,87.20524,,53.35,1457.65797,,,,,88.98748,,52.58,,87.90683,,50.77,1345.42693,87.19753,,48.49,1400.75945,85.46442,,51.51,1086.84506,85.35555,,47.84,,85.1233,,48.36184,,84.75536,13.58,45.98,,,13.55,33.52,,,15.24,,
Hong Kong,,,,,,,,,,,,,,,,,,,,,,,,13782.61147,,,,11351.5629,,,,10620.04818,,,,10186.92433,,,,9507.74429,,,,9849.40691,,,,9875.71554,,,,8721.86536,,,,7815.34778,,5.38,,7513.09373,,7.14,,6991.65383,,18.3,,
Hungary,,,,,,,,,,,,,,,,,,,,,,,,,,,,,,,,6604.44264,,,,5935.964,,,,5627.07581,99.1,,98.52,6490.19819,,,97.24,5684.10917,,,,5336.13521,,,96.29,6477.08599,,0.29,,6243.63308,,0.56,96.73,6022.92101,,0.68,,2298.78035
Iceland,,,,,,,,,,,,,,,,,,,,,,,,,,,,,,,,1875.35733,,,,1545.39034,,,,1306.42756,,,100.0,1365.34142,,,99.81,1201.10552,,,,1118.49375,,,99.42,1033.54503,,1.56,,954.91301,,1.57,99.32,1236.74504,,1.3,,580.4798
India,,,,,,,,,,,,,,,,,,,,,,,,,74.37299,,,,,,,,,,80.84132,,,,,,,,,,,,,70266.65833,,,,70506.50862,69.30256,,76.13,63609.40835,,33.16,,45324.7611,,37.95,58.24,22613.00126,,43.98,,19843.03391
Indonesia,,,,,,,,,,,,,,,,,,,,,,,,,95.65856,,,,,,86.05231,,95.37697,,,,95.21793,,,30849.57429,95.11622,,,29290.04051,,,,30652.04285,,,77.17,31276.20364,92.81191,,,28480.73489,,7.5,,21235.32889,,14.53,,8212.4803,,22.61,62.62,
"Iran, Islamic Republic of",,,,,,,,,,,,,,,,,,,,,,,,,,,,17615.00691,,,,15843.25485,85.54425,,,12956.55467,,,,12103.94971,84.70524,,,12894.40738,84.6268,,,18373.00472,83.62599,,,18402.04276,,,,16965.11496,,14.18,,15444.90247,82.4412,17.53,,7709.1317,,21.28,,4588.82526
Iraq,,,,,,,,,,,,,,,,,,,,,,,,,,,46.42936,,85.6,,,,83.3,,,,,,,,82.2,,,,72.7,,,,77.2,,,,,,37.82208,,,24.72,,,,29.25,,,74.0522,30.91,25.75,
Ireland,,,,,,,,,,,,,,,,,,,,,,,,,,,,,,,,11771.25081,,,,11178.64969,,,,10955.42069,,,96.62,12617.0256,,,93.83,12725.36833,,,,12972.8678,,,94.04,13911.75768,,0.73,,13413.42073,,0.73,93.25,9571.10914,,5.15,,4130.56081
Isle of Man,,,,,,,,,,,,,,,,,,,,,,,,,,,,,,,,,,,,,,,,,,,,,,,,,,,,,,,,,,,,,,,,,,,,
Israel,,,,,,,,,,,,,,,,,,,,,,,,,,,,,,,,21522.37935,,,,18681.35779,,,,17590.92663,,,,17931.62238,,,,17221.31316,,,98.07,14658.78969,,,,14555.6506,,2.54,,12952.48029,,2.96,,8209.32772,,3.77,,8096.77973
Italy,,,,,,,,,,,,,,,,,,,,,,,,,99.15576,,,,,,,79353.5505,,,,71576.566,,,,74787.70674,,,98.97,87688.55611,,,98.09,88729.03313,,,,84652.32,98.84828,,99.1,94331.09868,,5.61,,92490.81932,,6.85,99.08,78727.4559,,7.0,,49082.66543
Jamaica,,,,,,,,,,,,,,,,,,,,,,,,812.28104,,,,801.73014,,,,740.47952,,,,754.08689,,,,758.23276,88.1,,,858.11391,,,,925.60339,,,,882.92375,,,96.73526,828.4844,,5.71,,768.77106,,5.44,96.87,468.61186,,5.88,,441.1163
Japan,,,,,,,,,,,,,,,,,,,,,,,,,,,,,,,,156643.99752,,,,139856.57204,,,,,,,,185120.50193,,,,227371.30436,,,,227349.26572,,,,207630.42392,,0.13,,190396.28663,,0.16,,162204.10025,,0.17,,160410.47533
Jordan,,,,,,,,,,,,,,,,,,,,,,,,1344.03803,98.22711,,87.0625,1281.44366,,,,1336.90282,,,,1377.4169,,,,,,,,,,,,,97.89032,,88.81,,95.90445,,,,92.55104,6.98,,,91.13075,13.16,,,,18.73,,
Kazakhstan,,,,,,,,,,,,,,,,,,,,,,,,,99.78163,,,4691.43604,,,,4588.52488,,,,4088.28273,,,99.74896,5141.82651,,,,,,,,,,,,,,,99.09511,,99.78163,0.05,,,,0.01,,1293.00945,,1.25,,595.70122
Kenya,,,,,,,,,,,,,,,,,,,,,,,,,81.53497,,,4190.08054,,,,3713.13953,,,,3432.52341,,,,3239.13277,78.73304,,70.51127,2909.22438,,,,2728.0264,,,,2311.23242,,,,2134.12055,,19.68,,2039.22652,,20.4,,1180.69803,82.22908,23.27,44.41,668.88187
Kiribati,,,,,,,,,,,,,,,,,,,,,,,78.35626,,,,,,,,,,,,,,,,,,,,,,,,,,,,,,,,,,,,,,,,,,,,,7.52296
"Korea, Democratic People's Republic of",,,,,,,,,,,,,,,,,,,,,,,,,,,,,,,,,,,,,,,,,,,,,,,,,,,,,,,,,,,,,,,,,,,,
"Korea, Republic of",,,,,,,,,,,,,,,,,,,,,,,,,,,,,,,,,,,,65001.2723,,,,,,,,,,,,,,,,,,,,,,3.44,,,,5.93,,,,5.93,,
Kuwait,,,,,,,,,,,,,,,,,,,,,,,,,96.05647,,,,96.03595,,,,,,,,95.68545,,,,,,,,95.58582,,,,95.51317,,,,,,,,94.46901,6.09,,,93.27446,6.72,,2816.42348,,23.2,,
Kyrgyzstan,,,,,,,,,,,,,,,,,,,,,,,,,99.586,,,,,,,464.19387,,,,448.72064,,,,399.72325,,,95.86388,413.10543,,,,497.32958,,,96.64978,487.73841,,,,420.86679,,0.76,,278.97564,,1.29,,119.90862,,1.14,,48.05395
Lao People's Democratic Republic,,,,,,,,,,,,,,,,,,,,,,,,,,,,,,,52.56556,,,,,,84.66104,,,,,,,389.80239,,,,386.18946,,,38.14216,185.63217,58.28794,,,149.43904,,31.19,,121.87022,72.70226,33.53,,66.03876,69.58312,36.28,27.91,26.03189
Latvia,,,,,,,,,,,,,,,,,,,,,,,,,99.88931,,,,,,,1331.14018,,,,1307.10655,,,,1439.59831,,,98.77,1655.40914,,,98.2,2113.14795,,,,1854.72582,99.8959,,96.49,1405.44125,,0.3,,1207.50325,,0.23,57.21,,99.74657,0.65,,419.77138
Lebanon,,,,,,,,,,,,,,,,,,,,,,,,,95.06944,,,,,,,,,,,,,,,,,,,,,,,1141.04531,,,,945.93294,,,,659.80199,,,,620.21957,,,,568.86103,,,,
Lesotho,,,,,,,,,,,,,,,,,,,,,,,,,,,44.32893,168.01397,,,,172.43841,,,,,,,,,76.6352,,26.55557,,,,,,,,,,,,,,,12.39,,,,11.56,22.58433,182.55233,86.25443,16.17,,92.11278
Liberia,,,,,,,,,,,,,,,,,,,,,,,,,,,,84.9,48.30136,,,90.51,,,,,,,,,,,,69.9,,,25.54358,47.2,,,,42.61528,,,,,,47.26,,,,53.57,,,,58.02,,
Libya,,,,,,,,,,,,,,,,,,,,,,,,,,,,,,,,,,,,,,,,,,,,,,,,,,,,,,,,,,22.1,,,,24.19,,,,26.61,,
Liechtenstein,,,,,,,,,,,,,,,,,,,,,,,,,,,,,,,,,,,,,,,,,,,,,,,,,,,,,,,,146.71607,,,,,,,,,,,,
Lithuania,,,,,,,,,,,,,,,,,,,,,,,,,,,,,,,,1820.65971,,,,1722.57576,,,,1750.85378,,,98.4,2179.3342,,,98.49,2140.74773,,,,2043.25975,99.8156,,98.23,2228.54728,,0.0,,1967.54521,,0.46,98.97,1273.14956,,2.98,,
Luxembourg,,,,,,,,,,,,,,,,,,,,,,,,,,,,,,,,2291.03007,,,,,,,,2262.54133,,,90.46,2649.37266,,,90.86,,,,,2318.35908,,,90.97,,,4.64,,,,5.17,90.32,,,5.55,,
Macao,,,,,,,,,,,,,,,,,,,,,,,,,,,,1508.58709,,,,1365.14699,96.53849,,,1396.97814,,,,1352.55084,,,,1124.70505,,,,1056.74499,,,,1436.11922,95.64004,,,985.72996,,3.46,,739.50988,,4.83,,276.99068,,6.2,,224.52311
Madagascar,,,,,,,,,,,,,,,,,,,,,,,,,74.80432,,26.50079,391.4274,,,,,,,,318.39514,,,,250.25287,,,,298.20055,,,,220.75969,71.57262,,,271.02552,,,,275.12774,,,,,58.93594,,,193.92062,70.68617,,,112.89282
Malawi,,,,,,,,,,,,,,,,,,,,,,,,,,,,297.19043,,,,219.02354,,,21.80753,302.63626,62.14354,,,339.20153,65.14537,,21.77,267.10493,,,,326.51294,,,,,,,,289.0079,61.30972,18.02,25.7515,219.15382,,24.44,,,,35.41,15.95,93.19975
Malaysia,,,,,,,,,,,,,,,,,,,,,,,,15183.21461,94.85441,,,16069.00368,95.08265,,,14919.49014,94.88058,,,14315.40268,,,,14750.93764,,,,17621.94915,,,,17719.48204,,,,18045.99561,,,,17170.78904,93.11789,6.88,,12665.27401,,9.26,,,88.68776,11.69,,5600.75482
Maldives,,,,,,,,,,,,,,,,,,,,,,,,,,,,,,,90.59792,,97.73495,,,179.53189,,,,179.44025,98.61012,,,128.31513,,,,125.21431,,,,108.53107,,,,97.28537,,19.52,,106.56738,,25.46,,58.36406,,32.87,,
Mali,,,,,,,,,,,,,,,,,,,,,,,,,35.47377,,27.45024,,,,,582.32205,,,,434.07147,33.06889,,28.46553,498.18191,,,,524.05782,,,17.20774,434.97631,,,,432.91636,30.61867,,,487.86522,31.09975,74.57,19.36,357.43376,,73.21,,220.04805,,78.92,,87.78382
Malta,,,,,,,,,,,,,,,,,,,,,,,,,94.50319,,,,,,,615.00552,,,,595.97639,,,,557.23105,,,99.25,814.32861,,,99.8,799.73529,,,,600.42259,93.30736,,99.93,741.82399,,1.64,,564.74954,92.36309,4.71,,,,9.71,,
Marshall Islands,,,,,,,,,,,,,,,,,,,,,,,,23.0154,,,,,,,,,,,,,,,,,,,,,,,,,,,,,98.26508,,,,,,,,,,,,,,,
Mauritania,,,,,,,,,,,,,,,,,,,,,,,,143.93629,,,,,53.49759,,,,,,,124.39543,,,46.12474,,,,,,,,,165.66358,,,,145.20907,,,29.89082,157.68467,,32.16,,,,39.14,,,51.20768,46.42,,
Mauritius,,,,,,,,,,,,,,,,,,,,,,,,669.28839,91.32539,,,641.03546,,,,614.45224,93.15784,,,586.20463,92.7076,,,571.36296,92.47476,,,629.53928,91.49003,,,438.58261,91.76601,,,398.85857,89.24984,,,383.8013,,5.38,,355.27735,,6.61,,268.29827,84.30309,9.55,,163.71924
Mayotte,,,,,,,,,,,,,,,,,,,,,,,,,,,,,,,,,,,,,,,,,,,,,,,,,,,,,,,,,,,,,,,,,,,,
Mexico,,,,,,,,,,,,,,,,,,,,,,,,,95.37991,,88.56,,94.97278,,,52362.28281,94.85962,,87.67088,52919.54655,94.47228,,,61281.90945,94.55588,,86.28,69154.23482,93.96285,,,59848.43559,94.2284,,84.82,61292.85176,93.51998,,,60271.64684,93.06894,7.24,81.42,54574.32703,91.63027,7.83,,42519.7987,90.53562,10.31,67.16,28262.75789
"Micronesia, Federated States of",,,,,,,,,,,,,,,,,,,,,,,,,,,,,,,,,,,,,,,,39.26981,,,,,,,,,,,,,,,,,,,,,,,,,,,,15.64524
"Moldova, Republic of",,,,,,,,,,,,,,,,,,,,,,,,,,,,623.25224,,,,543.28962,,,,452.68472,,,,,99.35989,,,595.91201,,,,,99.13831,,96.51758,608.19525,,,,600.48073,99.02318,0.98,,529.55994,,3.3,93.45061,214.04648,96.6538,5.25,89.45,57.80398
Monaco,,,,,,,,,,,,,,,,,,,,,,,,85.57025,,,,,,,,93.76383,,,,88.74019,,,,,,,,72.24818,,,,87.48308,,,,102.22807,,,,96.80528,,,,70.71043,,,,,,,,33.24055
Mongolia,,,,,,,,,,,,,,,,,,,,,,,,,98.42312,,94.86521,,,,,467.1527,,,,579.54054,,,,490.78061,,,89.48836,576.46207,,,,621.65356,,,,638.63535,,,,479.79079,98.257,4.29,85.13,333.95895,,4.89,,,97.76885,5.46,52.0,63.10199
Montenegro,,,,,,,,,,,,,,,,,,,,,,,,,98.84718,,94.67402,,,,,,,,,,,,,,,,,,,,98.94763,,,,,,98.44221,,,,,,,,,,97.42,,,,,
Montserrat,,,,,,,,,,,,,,,,,,,,,,,,,,,,,,,,,,,,,,,,,,,,,,,,,,,,,,,,,,,,,,,,,,,,
Morocco,,,,,,,,,,,,,,,,,,,,,,,,,73.75001,,,,,,,,,,,,,,,,,,,,,,,,69.42539,,,,67.08416,,,,,43.76,,,,49.49,,,,54.91,,
Mozambique,,,,,,,,,,,,,,,,,,,,,,,,,,,,809.42506,60.65543,,,727.785,,,,700.11038,56.039,,,,,,,,,,,1038.03566,,,,927.44306,,,14.74355,,,68.14,,,,74.72,,342.17645,,77.45,,
Myanmar,,,,,,,,,,,,,,,,,,,,,,,,1470.04074,,,,1325.75539,,,,1402.59378,75.5512,,43.80698,,,,,,,,,,,,,,,,,,,,,390.10398,,16.95,,,,21.2,,,89.94176,24.67,25.94,
Namibia,,,,,,,,,,,,,,,,,,,,,,,,,91.52727,,,,,,,,,,,,,,,,,,,,,,56.4353,,,,,,88.27463,,,,,20.81,,741.12761,,21.54,,,,23.7,34.75,266.99806
Nauru,,,,,,,,,,,,,,,,,,,,,,,,,,,,,,,,,,,,,,,,,,,,,,,,,,,,,,,,,,,,,,,,,,,,
Nepal,,,,,,,,,,,,,,,,,,,,,,,,,67.90843,,,1284.73056,,,,1169.11791,,,69.67529,950.85388,,,,740.82702,,,65.57288,769.50127,,,,655.02341,,,,711.3708,59.62725,,59.57858,614.92165,,36.15,,466.85744,,44.62,,244.7416,,53.4,,149.75826
Netherlands,,,,,,,,,,,,,,,,,,,,,,,,,,,,,,,,43153.595,,,,42934.17236,,,,40927.55861,,,94.12,48637.7936,,,95.22,48463.7257,,,,45390.19714,,,94.97,49390.58951,,0.0,,46468.17215,,3.57,96.72,35004.15371,,1.2,,19094.38917
New Caledonia,,,,,,,,,,,,,,,,,,,,,,,,,,,,,,,,,,,,,,,,,97.8,,,,,,,,,,,,,,,,,,,,,,,,,,,
New Zealand,,,,,,,,,,,,,,,,,,,,,,,,,,,,,,,,11827.36186,,,,11417.11317,,,,12733.19785,,,,12108.12278,,,,11808.58551,,,,12049.54599,,,,10167.85996,,0.9,,8496.63002,,0.17,,6524.16941,,0.11,,
Nicaragua,,,,,,,,,,,,,,,,,,,,,,,,,,,,,,,,600.7474,,,,542.22424,82.61455,,,520.27384,,,50.05,485.11301,,,,,,,,,,,,,,17.25,,392.75666,78.00298,22.18,38.37,,,26.95,,153.30181
Niger,,,,,,,,,,,,,,,,,,,,,,,,,35.05,,,454.99149,,,,288.26904,,,,307.55687,,,,434.527,,,,554.55026,,,,377.25482,30.56039,,5.83111,300.60767,,,,269.94963,,72.85,,213.87911,28.67242,76.84,,,,78.95,3.25,57.35865
Nigeria,,,,,,,,,,,,,,,,,,,,,,,,,62.01601,,62.45675,,,,,,,,66.6923,,,,,,,,,,,,51.65159,,,,,,,,62.88413,,,,63.10756,,,,,,,,,
Niue,,,,,,,,,,,,,,,,,,,,,,,,,,,,,,,,,,,,,,,,,,,,,,,,,,,,,,,,,,,,,,,,,,,,
North Macedonia,,,,,,,,,,,,,,,,,,,,,,,,,,,,,,,,,,,,,,,,,97.8,,,,,,,,,,,,,,97.55849,,,,,,,,93.95,,,,,
Northern Mariana Islands,,,,,,,,,,,,,,,,,,,,,,,,,,,,,,,,,,,,,,,,,,,,,,,,,,,,,,,,,,,,,,,,,,,,
Norway,,,,,,,,,,,,,,,,,,,,,,,,,,,,,,,,31520.86629,,,,29618.26216,,,,29202.60825,,,99.42,38352.86961,,,100.0,39130.55319,,,,37574.55952,,,100.0,32161.80727,,5.74,,28925.39363,,2.64,100.0,21205.12224,,0.27,,11075.00738
Oman,,,,,,,,,,,,,,,,,,,,,,,,,95.65153,,,,95.576,,,,94.89999,,,,93.03861,,,,91.9812,,,,,,,3915.66882,,,,,,,,,86.939,,,,,,,1093.2186,,,,624.28468
Pakistan,,,,,,,,,,,,,,,,,,,,,,,,,,,49.54959,,59.13205,,,8079.64893,,,,8367.78545,,,,6475.61858,56.97715,,,5701.68154,55.59499,,,5594.86592,56.76434,,45.56642,4562.82949,54.73802,,,3936.18389,55.37519,45.38,,3845.44221,49.87364,44.97,,2208.77153,,60.24,,1157.34361
Palau,,,,,,,,,,,,,,,,,,,,,,,,,,,,,,,,,,,,,96.59374,,,,,,,,99.50313,,,,,,,,,,,,,,,,,,,,,,,11.7301
"Palestine, State of",,,,,,,,,,,,,,,,,,,,,,,,,97.21861,,,,,,,761.48922,96.93023,,,767.64498,96.69073,,,651.56437,96.42839,,85.94047,,96.2849,,,661.53965,95.90622,,,578.93545,95.26724,,,596.8102,94.93201,,86.22,599.4478,,,,,,,,
Panama,,,,,,,,,,,,,,,,,,,,,,,,,95.41181,,85.08,,,,83.54,,,,80.99,,,,80.88,,,,77.63,,,,77.0,,,,,,,,75.11,1095.73965,94.09412,7.19,,,,6.88,73.62,,91.89962,7.35,68.36,585.63724
Papua New Guinea,,,,,,,,,,,,,,,,,,,,,,,,,,,50.21001,452.06906,,,,446.87657,,,,,,,,,,,,,,,,,,,,,,,,,61.6,37.93,,,,39.94,,,57.34326,44.85,,
Paraguay,,,,,,,,,,,,,,,,,,,,,,,,,94.0208,,79.25,,,,77.12,,94.65024,,77.73199,1239.67027,95.55484,,79.39,,95.03481,,76.77,,95.05904,,77.11,,94.19747,,74.41,1220.67587,,,70.71,1246.55692,93.87092,3.49,69.75,754.68308,,4.07,63.99,,,7.05,,374.61529
Peru,,,,,,,,,,,,,,,,,,,,,,,,8727.50893,94.40827,,91.36,8267.0824,94.14961,,89.85,8295.34637,94.17367,,89.26,7317.31237,94.16234,,87.66,7533.99923,93.70795,,87.34,7421.15642,,,85.98,6633.33653,93.84173,,85.65,5630.66522,,,84.38,4574.87603,,5.13,82.7,4230.10143,87.90867,7.53,76.31,2159.38451,,9.53,67.95,1670.33488
Philippines,,,,,,,,,,,,,,,,,,,,,,,,,,,80.97149,,,,,,,,,,98.18255,,,,,,,,96.398,,71.27,,,,,,,,,,,2.72,,,,4.04,,2500.81369,92.60006,5.4,65.02692,2647.66279
Poland,,,,,,,,,,,,,,,,,,,,,,,,,,,,,,,,24000.69906,,,,21898.85031,,,,22982.48136,,,97.61,26774.15481,,,98.33,25897.7596,,,,24076.42131,,,97.48,25490.37062,,0.27,,24294.09397,,0.99,90.16,16610.63205,,2.34,,8583.30556
Portugal,,,,,,,,,,,,,,,,,,,,,,,,,96.13759,,,,,,,11102.44058,,,,,,,,9737.56256,,,93.93,11764.51317,,,89.67,11931.85821,,,,10702.44475,94.47705,,89.98,12541.77798,,10.33,,12875.28111,,12.77,80.51,10004.83471,,9.2,,6109.39153
Puerto Rico,,,,,,,,,,,,,,,,,,,,,,,,,,,,,92.39,,,,,,,,,,,,,,,6221.4359,,,,6582.49132,,,,,,,,,91.96523,,95.37959,,,,,,,,,
Qatar,,,,,,,,,,,,,,,,,,,,,,,,4945.05495,,,,,93.46397,,,4780.54998,93.1453,,,,,,,,91.32722,,,7164.83516,90.63299,,,7611.30199,90.17006,,96.00048,5884.61538,91.36408,,,5020.21027,91.77885,3.59,,4439.70793,,33.3,,1260.43956,,36.77,,461.76552
Romania,,,,,,,,,,,,,,,,,,,,,,,,,98.8445,,,,,,,6552.78995,,,,5606.03001,,,,5526.72467,,,96.0,6241.17103,,,97.4,5822.76811,,,,5057.31215,98.60429,,98.42,5612.31483,,1.7,,5810.19541,,2.07,,3446.22695,,2.65,,1068.65816
Russian Federation,,,,,,,,,,,,,,,,,,,,,,,,,99.73006,,,,,,,73828.502,,,,48012.78379,,,,52276.33588,,,,82655.53695,,,99.41,86284.84489,,,,83762.87698,,,,,99.68427,0.89,,,,0.85,,28818.22293,,1.0,,7634.92823
Rwanda,,,,,,,,,,,,,,,,,,,,,,,,,73.21559,,,284.41754,,,,271.70479,,,,293.46407,,,27.93269,300.73926,70.80413,,,328.15989,,,,363.00043,68.33103,,,304.38412,,,,268.47617,65.85227,45.18,15.4396,262.8006,,50.25,5.91146,,64.8886,53.66,7.48,71.04765
Saint Kitts and Nevis,,,,,,,,,,,,,,,,,,,,,,,,,,,,,,,,,,,,,,,,24.40327,,,,,,,,,,,,,,,,,,,,,,,,20.96585,,,,19.99003
Saint Lucia,,,,,,,,,,,,,,,,,,,,,,,,,,,,66.60574,,,,,,,,94.16995,,,,67.88377,,,,64.6064,,,,61.95634,,,93.63696,51.61469,,,,53.34841,,,,48.81309,,,,48.13577,,,,
Saint Martin (French part),,,,,,,,,,,,,,,,,,,,,,,,,,,,,,,,,,,,,,,,,,,,,,,,,,,,,,,,,,,,,,,,,,,,
Saint Vincent and the Grenadines,,,,,,,,,,,,,,,,,,,,,,,,,,,,46.19367,,,,45.40729,,,,44.40113,,,,,,,,,,,,,,,,,,,,,,,,34.64193,,,,34.97574,,,,31.35937
Samoa,,,,,,,,,,,,,,,,,,,,,,,,,99.09577,,,,,,,,,,,32.81105,,,,,,,,,,,,,,,,,98.97326,,,,,,,,,,,,,,,9.27383
San Marino,,,,,,,,,,,,,,,,,,,,,,,,,99.91643,,,58.84856,,,,51.51441,,,,,,,,,,,,,,,,,,,,,,,,49.02506,,,,49.45414,,,,,,,,
Sao Tome and Principe,,,,,,,,,,,,,,,,,,,,,,,,,92.81664,,,21.74431,,,,19.06766,,,,17.97873,,,,12.29939,,,33.83506,13.08125,,,,17.99279,90.1431,,,16.0111,,,,,,,,19.05723,,,,6.62663,,,27.76,
Saudi Arabia,,,,,,,,,,,,,,,,,,,,,,,,,,,,,95.32863,,,,,,,,,,,,,,,,94.42634,,,,,,,,,,,,,12.72,,,,17.14,,17838.38168,79.35094,21.22,,11200.0
Senegal,,,,,,,,,,,,,,,,,,,,,,,,,,,,1123.06068,51.90042,,26.63455,971.08498,,,24.408,973.54903,,,,969.8583,,,22.51,1132.44479,43.5345,,,1075.82144,,,,843.65738,51.81455,,15.08957,873.43939,,58.58,,841.16887,,72.05,9.99506,447.27634,,65.57,13.09,147.75773
Serbia,,,,,,,,,,,,,,,,,,,,,,,,,,,,1814.10886,,,,1639.11192,98.84151,,,1479.05452,,,,1501.53205,,,98.29648,1848.12227,,,98.88,,,,,1803.49038,97.96241,,98.35447,2087.73901,,2.96,,1809.86737,,3.5,97.21,,,4.84,,
Seychelles,,,,,,,,,,,,,,,,,,,,,,,,,95.86771,,,,,,,,,,,63.07256,,,,,,,,54.84414,,,,47.92159,,,,27.71354,,,,38.43835,93.95423,,,,,,,,,,,
Sierra Leone,,,,,,,,,,,,,,,,,,,,,,,,303.58329,43.20633,,,285.53431,,,44.14637,173.35823,,,,112.45711,,,,,,,,133.54964,32.42617,,40.37882,117.09498,,,,109.19103,,,,78.53377,,57.0,29.21,66.73593,,65.3,16.76,46.16403,,67.82,14.9,31.47173
Singapore,,,,,,,,,,,,,,,,,,,,,,,,,97.34486,,,,97.20222,,,,97.04956,,,,96.82549,,,,96.71669,,,,96.54802,,,8422.82148,96.36979,,,8578.47035,96.18604,,,7268.06014,95.85733,15.27,,5980.7494,,8.55,,3676.48799,92.5494,19.56,,2865.77463
Sint Maarten (Dutch part),,,,,,,,,,,,,,,,,,,,,,,,,,,,,,,,,,,,,,,,,,,,,,,,,,,,,,,,,,,,,,,,,,,,
Slovakia,,,,,,,,,,,,,,,,,,,,,,,,,,,,,,,,3761.15536,,,,3506.48133,,,,4068.62395,,,99.82,4270.79846,,,100.0,4024.47601,,,,3651.75263,,,99.86,3890.2473,,0.3,,3683.75604,,1.15,99.67,2360.7018,,2.06,,1127.32573
Slovenia,,,,,,,,,,,,,,,,,,,,,,,,,,,,,,,,2322.81975,,,,2144.06636,,,,2115.52615,99.7,,100.0,2642.18415,,,99.35,2616.47468,,,,2617.9271,,,99.6,2854.65744,,0.66,,2670.76352,,0.8,56.17,2029.03619,,0.7,,
Solomon Islands,,,,,,,,,,,,,,,,,,,,,,,,,,,,,,,,,,,,,,,,,,,,,,,,,,,,,,,,,,,,67.16579,,,,,,,,
Somalia,,,,,,,,,,,,,,,,,,,,,,,,,,,,,,,,,,,,,,,,,,,,,,,,,,,,,,,,,,,,,,,,,,,,
South Africa,,,,,,,,,,,,,,,,,,,,,,,,23957.3784,,,,21529.00593,87.04667,,,18116.49326,,,87.67176,18875.7051,94.36792,,,20900.54967,94.1399,,,,,,,,93.72947,,,,93.10214,,84.93941,,92.87732,5.65,,16932.70614,,10.41,,11573.9621,,15.5,,7437.68602
South Sudan,,,,,,,,,,,,,,,,,,,,,,,,,34.52276,,,,,,,,,,,185.23387,,,,204.62505,,,,227.09886,,,,122.23813,,,,,,,,143.54162,,,14.59321,,,,,,,,35.09,
Spain,,,,,,,,,,,,,,,,,,,,,,,,,98.4365,,,,,,,55228.79532,98.25051,,,52087.73246,98.14326,,,51229.60894,98.09372,,93.3,58930.47057,98.07913,,90.61,58945.7449,97.89454,,,59210.73219,97.78375,,90.36,72414.29007,97.7489,2.25,,68991.38901,97.75069,2.25,90.51,47795.85126,,15.22,,24866.20601
Sri Lanka,,,,,,,,,,,,,,,,,,,,,,,,,91.70982,,,1878.35574,91.89575,,,2447.33277,92.3869,,,2842.17468,,,,1796.46136,,,,1533.86881,,,,1204.74082,,,,1023.89707,,,,1180.88803,91.18136,4.43,,974.40092,,6.37,,,,8.7,,
Sudan,,,,,,,,,,,,,,,,,,,,,,,,,60.69718,,,,,,,,,,,,,,,,,,51.18034,,,,,,,,,,,,,,,53.74,56.68,,,55.43,,414.5971,61.34587,57.29,40.41,124.06658
Suriname,,,,,,,,,,,,,,,,,,,,,,,,,94.38327,,50.45004,,,,,,,,,,,,,,,,,,,,,,92.86866,,,,,,,,94.67575,,46.75582,,,,,,,,30.16,
Sweden,,,,,,,,,,,,,,,,,,,,,,,,,,,,,,,,40948.76347,,,,39285.76704,,,,37599.41418,,,99.69,44076.40044,,,99.63,44665.77994,,,,41640.52674,,,99.13,36552.12383,,2.15,,32340.31473,,1.99,99.04,25519.26242,,2.0,,17715.50501
Switzerland,,,,,,,,,,,,,,,,,,,,,,,,,,,,,,,,34882.73526,,,,34268.50789,,,,34675.32489,,,99.4,35822.43347,,,97.71,34703.91703,,,,33625.12112,,,99.03,34768.12556,,1.61,,28757.43515,,10.78,,21268.6203,,13.0,,13008.05424
Syrian Arab Republic,,,,,,,,,,,,,,,,,,,,,,,,,,,,,,,,,,,,,,,,,,,,,,,,,,,,,,,,,,16.19,,,,15.28,,,,16.02,,
Tajikistan,,,,,,,,,,,,,,,,,,,,,,,,,,,,,,,95.35863,,,,,,,,,410.90458,99.8,,,,,,,,,,88.62983,306.69861,,,,256.677,,0.27,,226.06796,,0.37,,81.21206,99.45068,0.55,79.91,20.03901
"Tanzania, United Republic of",,,,,,,,,,,,,,,,,,,,,,,,,,,,1970.96486,,,,2205.24132,,,,,77.88723,,28.71572,,,,,1546.22942,,,,,78.10059,,,,,,,,67.8007,17.69,14.0489,1320.79071,,24.61,,591.37007,,30.26,,
Thailand,,,,,,,,,,,,,,,,,,,,,,,,,93.76776,,,,,,,,,,83.03407,,92.86831,,,,,,,,93.70207,,86.3279,17334.64572,,,,18036.06783,,,,17819.90837,96.43091,3.44,,11967.46911,93.50647,5.26,86.31,7456.4832,92.64654,12.84,73.68098,6639.96729
Timor-Leste,,,,,,,,,,,,,,,,,,,,,,,,,68.06683,,,106.555,,,,113.6506,,,66.04147,133.3432,,,,134.6504,,,,108.77227,,,,79.08646,,,,83.12072,,,,106.271,58.30898,,,97.95,,,,,,,,
Togo,,,,,,,,,,,,,,,,,,,,,,,,,,,,287.6128,,,47.48649,240.5038,,,,222.35564,63.74562,,,213.58389,,,23.87192,218.89253,,,,191.17482,,,,182.78925,60.40994,,,166.87583,,39.63,26.85206,140.48262,,41.75,,72.06123,53.1776,43.78,11.69,58.35026
Tokelau,,,,,,,,,,,,,,,,,,,,,,,,,,,,,,,,,,,,,,,,,,,,,,,,,,,,,,,,,,,,,,,,,,,,
Tonga,,,,,,,,,,,,,,,,,,,,,,,,,99.41437,,,,,,,,,,,,,,,,,,,,,,,,,,,,99.38553,,,,,0.73,,,,1.1,,,,1.13,,9.71784
Trinidad and Tobago,,,,,,,,,,,,,,,,,,,,,,,,,,,,,,,,,,,,,,,,,,,,,,,,,,,,,,,94.15,,98.7,1.1,,,,1.57,,,97.9,2.16,82.29,224.70465
Tunisia,,,,,,,,,,,,,,,,,,,,,,,,,,,74.23895,,,,,,,,,,,,,2847.72635,79.03643,,,,,,,,80.21875,,69.20358,2815.4216,79.65391,,,,79.13058,20.87,,2755.30041,,25.33,,2082.11577,,30.96,,1331.76333
Turkmenistan,,,,,,,,,,,,,,,,,,,,,,,,1411.51429,,,,,,,,,,,99.61652,,,,,,99.7,,,,,,,,,,,1072.24561,,,,,,,,,,,,,,,,
Turks and Caicos Islands,,,,,,,,,,,,,,,,,,,,,,,,,,,,28.05134,,,,,,,,,,,,26.01642,,,,,,,,,,,,,,,,,,,,,,,,14.7034,,,,
Tuvalu,,,,,,,,,,,,,,,,,,,,,,,,,,,,,,,,,,,,,,,,,,,,,,,,,,,,,,,,,,,,,,,,,,,,
Türkiye,,,,,,,,,,,,,,,,,,,,,,,,,,,,,96.15053,,,,96.16733,,,,95.60142,,,,95.43963,,92.33849,,95.25666,,,,94.91975,,,,94.10609,,,,92.6606,9.18,,,88.22906,11.88,,,,15.25,,6903.88079
Uganda,,,,,,,,,,,,,,,,,,,,,,,,,76.5275,,,655.27308,,,,658.15531,,,26.19082,692.40329,,,,757.10297,,,,553.6563,,,,510.93321,70.19822,,,500.9993,,,23.13565,613.1986,73.21188,12.18,,434.0574,,18.24,,,,25.45,,147.66473
Ukraine,,,,,,,,,,,,,,,,,,,,,,,,,,,,,,,,6072.02894,,,,4676.92951,,,,,,,,7843.24551,,,99.45947,12229.82609,99.97435,,,11763.87586,,,,10054.51077,,1.25,,,,1.9,98.73,5218.90062,,2.86,,1302.42578
United Arab Emirates,,,,,,,,,,,,,,,,,,,,,,,,,,,,,,,,,,,,,93.22714,,,,,,,,,,,,,,,,,,,,,9.72,,,90.03385,10.0,,,,18.13,,
United Kingdom,,,,,,,,,,,,,,,,,,,,,,,,,,,,,,,,146625.35073,,,,158925.73297,,,,170229.80685,,,100.0,155989.30041,,,100.0,149574.90623,,,,,,,100.0,138495.70449,,0.15,,137500.07561,,1.26,100.0,119375.61882,,2.94,,67820.74098
United States,,,,,,,,,,,,,,,,,,,,,,,,,,,,,,,98.86367,,,,98.8131,,,,98.75433,,,,,832820.61124,,,98.55,798681.81548,,,,,,,,,,0.35,98.32961,,,0.43,,,,0.43,,
Uruguay,,,,,,,,,,,,,,,,,,,,,,,,,98.70386,,73.21,3008.20465,98.61572,,72.44,2881.43219,98.56147,,69.65,2507.45864,98.52387,,68.65,,98.43593,,67.21,,98.36387,,63.2034,,98.39594,,65.71,,98.3359,,64.7,2088.89188,98.07271,1.34,63.57,,,1.61,,471.35856,,2.53,,552.90466
Uzbekistan,,,,,,,,,,,,,,,,,,,,,,,,,99.99289,,,,,,,3124.43848,99.98657,,,4635.01687,99.98383,,,4736.00491,99.98055,,,4618.88328,99.99486,,,4201.93237,,,,,,,,,,,,,,,,,98.64258,,90.66,
Vanuatu,,,,,,,,,,,,,,,,,,,,,,,,,87.50631,,,,,,,39.897,,,,,,,,40.95345,84.7,,,40.02103,,,,,,,,,,,,,,,,,,,,,,,,19.05091
"Venezuela, Bolivarian Republic of",,,,,,,,,,,,,,,,,,,,,,,,,,,,,,,,,97.12709,,,,96.60522,,,,,,79.59,,,,78.98,,,,75.58,,94.77022,,79.76,,,5.33,78.38,,,9.56,67.11,,,12.44,56.11,
Viet Nam,,,,,,,,,,,,,,,,,,,,,,,,,95.00038,,,10219.16154,,,,,,,,8918.85083,,,,,,,83.43417,,,,,9677.46793,,,,8621.97252,,,80.54251,6524.49222,,15.2,,5955.67387,,12.69,,,90.15613,10.79,51.31,
"Virgin Islands, British",,,,,,,,,,,,,,,,,,,,,,,,,,,,,,,,,,,,,,,,,,,,,,,,,,,,,,,,,,,,,,,,,,,,
"Virgin Islands, U.S.",,,,,,,,,,,,,,,,,,,,,,,,,,,,,,,,,,,,,,,,,,,,,,,,,,,,,,,,,,,,,,,,,,,,
Yemen,,,,,,,,,,,,,,,,,,,,,,,,,,,,,,,,,,,,,,,,,,,,,,,46.49128,,,,,,,,,,,57.49,,,,64.96,,,,70.83,,931.02809
Zambia,,,,,,,,,,,,,,,,,,,,,,,,,86.74796,,51.08693,1247.12708,,,,964.79014,,,,785.36824,,,,982.36139,,,,,,,51.45444,,,,,,,,,,83.00767,13.96,48.58798,,,17.18,,144.60235,,18.73,,64.38721
Zimbabwe,,,,,,,,,,,,,,,,,,,,,,,53.94247,,,,,1427.41692,,,,1282.51065,,,,,,,72.62408,,88.69342,,69.74,1196.704,,,,1144.694,,,,1038.908,83.58271,,,,,5.08,71.66262,185.92987,,6.68,61.90852,,,8.5,,
